received_at,sequence,millis,gain,integration_time,pwm_percent,pwm_raw,page,415,445,480,515,555,590,630,680,nir,clear
2026-09-16T20:46:02.589597+00:00,4,2841,128x,300ms,25,64,0,649,1249,1800,1632,3560,3484,2687,1359,1819,12502
2026-09-16T20:46:03.309650+00:00,5,3560,128x,300ms,25,64,0,623,1197,1716,1535,3399,3319,2569,1283,1694,11965
2026-09-16T20:46:04.757809+00:00,6,4313,128x,300ms,25,64,1,614,1178,1691,1506,3389,3309,2562,1277,1689,11969
2026-09-16T20:46:05.485640+00:00,7,5032,128x,300ms,25,64,1,608,1165,1674,1486,3297,3227,2491,1230,1592,11662
2026-09-16T20:46:05.517608+00:00,8,5751,128x,300ms,25,64,1,601,1153,1654,1463,3362,3277,2536,1263,1685,11978
2026-09-16T20:46:06.245799+00:00,9,6471,128x,300ms,25,64,1,619,1186,1701,1522,3367,3285,2539,1267,1707,12100
2026-09-16T20:46:06.965672+00:00,10,7191,128x,300ms,25,64,1,598,1146,1640,1443,3231,3124,2426,1188,1609,11619
2026-09-16T20:46:07.686247+00:00,11,7910,128x,300ms,25,64,0,594,1141,1631,1431,3308,3210,2487,1227,1634,11748
2026-09-16T20:46:08.413566+00:00,12,8629,128x,300ms,25,64,0,593,1138,1622,1424,3234,3140,2428,1185,1571,11507
2026-09-16T20:46:09.134516+00:00,13,9347,128x,300ms,25,64,0,589,1130,1610,1410,3246,3138,2438,1190,1563,11463
2026-09-16T20:46:09.853839+00:00,14,10065,128x,300ms,25,64,0,592,1137,1620,1425,3291,3176,2480,1213,1573,11484
2026-09-16T20:46:10.581929+00:00,15,10783,128x,300ms,25,64,0,592,1137,1623,1431,3298,3185,2486,1221,1577,11482
2026-09-16T20:46:11.301794+00:00,16,11502,128x,300ms,25,64,1,602,1156,1653,1462,3328,3220,2513,1239,1590,11550
2026-09-16T20:46:12.029835+00:00,17,12222,128x,300ms,25,64,1,603,1158,1657,1468,3330,3215,2515,1237,1579,11512
2026-09-16T20:46:12.750262+00:00,18,12941,128x,300ms,25,64,1,599,1153,1649,1458,3336,3219,2520,1238,1577,11495
2026-09-16T20:46:13.477913+00:00,19,13661,128x,300ms,25,64,1,596,1146,1638,1446,3306,3188,2494,1222,1569,11448
2026-09-16T20:46:14.198158+00:00,20,14381,128x,300ms,25,64,1,594,1143,1634,1442,3314,3201,2503,1228,1556,11417
2026-09-16T20:46:14.925579+00:00,21,15100,128x,300ms,25,64,0,596,1147,1641,1451,3315,3204,2504,1229,1554,11411
2026-09-16T20:46:15.645722+00:00,22,15818,128x,300ms,25,64,0,596,1146,1642,1453,3321,3206,2512,1232,1552,11385
2026-09-16T20:46:16.366483+00:00,23,16536,128x,300ms,25,64,0,590,1133,1620,1430,3225,3109,2430,1182,1501,11184
2026-09-16T20:46:17.093593+00:00,24,17255,128x,300ms,25,64,0,584,1123,1603,1405,3258,3136,2454,1197,1526,11278
2026-09-16T20:46:17.814176+00:00,25,17974,128x,300ms,25,64,0,589,1135,1620,1425,3262,3144,2459,1201,1526,11297
2026-09-16T20:46:18.542277+00:00,26,18693,128x,300ms,25,64,1,587,1131,1615,1418,3249,3131,2449,1195,1517,11250
2026-09-16T20:46:19.262389+00:00,27,19412,128x,300ms,25,64,1,585,1127,1609,1413,3250,3126,2449,1194,1506,11203
2026-09-16T20:46:19.989874+00:00,28,20132,128x,300ms,25,64,1,586,1127,1612,1415,3278,3153,2471,1208,1532,11283
2026-09-16T20:46:20.710387+00:00,29,20851,128x,300ms,25,64,1,595,1143,1637,1444,3286,3164,2476,1212,1549,11360
2026-09-16T20:46:21.430443+00:00,30,21571,128x,300ms,25,64,1,593,1140,1632,1439,3272,3159,2470,1209,1540,11327
2026-09-16T20:46:22.157614+00:00,31,22291,128x,300ms,25,64,0,592,1136,1627,1434,3282,3166,2477,1212,1541,11332
2026-09-16T20:46:22.878068+00:00,32,23009,128x,300ms,25,64,0,593,1139,1631,1437,3291,3175,2486,1216,1544,11353
2026-09-16T20:46:23.606204+00:00,33,23728,128x,300ms,25,64,0,593,1140,1630,1438,3297,3184,2491,1221,1550,11379
2026-09-16T20:46:24.325802+00:00,34,24446,128x,300ms,25,64,0,594,1139,1632,1441,3285,3175,2482,1215,1545,11357
2026-09-16T20:46:25.046339+00:00,35,25164,128x,300ms,25,64,0,594,1140,1631,1438,3287,3174,2481,1215,1547,11358
2026-09-16T20:46:25.774062+00:00,36,25883,128x,300ms,25,64,1,594,1143,1634,1441,3278,3166,2471,1210,1547,11374
2026-09-16T20:46:26.493696+00:00,37,26602,128x,300ms,25,64,1,592,1138,1627,1434,3281,3171,2474,1212,1553,11408
2026-09-16T20:46:27.221854+00:00,38,27321,128x,300ms,25,64,1,595,1143,1634,1445,3284,3178,2476,1214,1557,11432
2026-09-16T20:46:27.941711+00:00,39,28041,128x,300ms,25,64,1,592,1138,1628,1436,3279,3171,2473,1211,1553,11399
2026-09-16T20:46:28.669573+00:00,40,28760,128x,300ms,25,64,1,594,1140,1631,1441,3280,3168,2474,1211,1549,11379
2026-09-16T20:46:29.389484+00:00,41,29478,128x,300ms,25,64,0,594,1140,1631,1440,3283,3172,2476,1212,1548,11374
2026-09-16T20:46:30.109681+00:00,42,30197,128x,300ms,25,64,0,595,1142,1634,1442,3283,3178,2478,1214,1547,11386
2026-09-16T20:46:30.837620+00:00,43,30915,128x,300ms,25,64,0,595,1142,1633,1442,3281,3172,2475,1211,1541,11368
2026-09-16T20:46:31.557768+00:00,44,31634,128x,300ms,25,64,0,594,1141,1630,1437,3285,3174,2479,1214,1542,11377
2026-09-16T20:46:32.278561+00:00,45,32353,128x,300ms,25,64,0,593,1138,1627,1436,3286,3175,2479,1214,1543,11378
2026-09-16T20:46:33.005906+00:00,46,33071,128x,300ms,25,64,1,592,1137,1626,1437,3283,3176,2476,1213,1546,11377
2026-09-16T20:46:33.727711+00:00,47,33789,128x,300ms,25,64,1,594,1139,1630,1441,3282,3178,2477,1215,1552,11401
2026-09-16T20:46:34.454046+00:00,48,34509,128x,300ms,25,64,1,592,1135,1625,1434,3271,3163,2470,1210,1544,11354
2026-09-16T20:46:35.174408+00:00,49,35228,128x,300ms,25,64,1,592,1136,1626,1435,3273,3165,2470,1210,1541,11348
2026-09-16T20:46:35.902735+00:00,50,35948,128x,300ms,25,64,1,595,1142,1633,1442,3302,3190,2491,1222,1565,11449
2026-09-16T20:46:36.621764+00:00,51,36668,128x,300ms,25,64,0,598,1149,1644,1455,3295,3191,2485,1220,1565,11462
2026-09-16T20:46:37.342126+00:00,52,37387,128x,300ms,25,64,0,596,1144,1637,1447,3293,3186,2487,1219,1555,11419
2026-09-16T20:46:38.070061+00:00,53,38105,128x,300ms,25,64,0,595,1143,1635,1445,3299,3187,2491,1221,1556,11413
2026-09-16T20:46:38.790323+00:00,54,38823,128x,300ms,25,64,0,593,1139,1630,1439,3282,3173,2478,1214,1551,11383
2026-09-16T20:46:39.517905+00:00,55,39542,128x,300ms,25,64,0,593,1138,1629,1438,3265,3165,2471,1209,1524,11293
2026-09-16T20:46:40.237595+00:00,56,40260,128x,300ms,25,64,1,594,1138,1628,1437,3278,3171,2477,1211,1540,11390
2026-09-16T20:46:40.966492+00:00,57,40980,128x,300ms,25,64,1,589,1130,1616,1424,3271,3160,2475,1207,1499,11209
2026-09-16T20:46:41.685716+00:00,58,41699,128x,300ms,25,64,1,589,1131,1620,1426,3269,3158,2472,1206,1501,11207
2026-09-16T20:46:42.413528+00:00,59,42419,128x,300ms,25,64,1,588,1129,1620,1426,3283,3171,2483,1213,1511,11235
2026-09-16T20:46:43.134112+00:00,60,43138,128x,300ms,25,64,1,597,1145,1643,1454,3348,3261,2530,1256,1625,11741
2026-09-16T20:46:43.853551+00:00,61,43857,128x,300ms,25,64,0,613,1177,1693,1510,3355,3273,2535,1262,1610,11708
2026-09-16T20:46:44.581896+00:00,62,44575,128x,300ms,25,64,0,606,1164,1670,1486,3355,3271,2537,1261,1605,11684
2026-09-16T20:46:45.302145+00:00,63,45294,128x,300ms,25,64,0,610,1173,1683,1501,3385,3299,2561,1276,1636,11804
2026-09-16T20:46:46.022097+00:00,64,46013,128x,300ms,25,64,0,608,1168,1676,1493,3352,3265,2535,1258,1607,11674
2026-09-16T20:46:46.749878+00:00,65,46732,128x,300ms,25,64,0,598,1147,1645,1458,3329,3221,2508,1238,1565,11495
2026-09-16T20:46:47.469629+00:00,66,47450,128x,300ms,25,64,1,595,1145,1640,1451,3348,3256,2531,1259,1617,11741
2026-09-16T20:46:48.197921+00:00,67,48169,128x,300ms,25,64,1,605,1159,1667,1478,3337,3245,2517,1253,1603,11661
2026-09-16T20:46:48.917935+00:00,68,48889,128x,300ms,25,64,1,599,1150,1653,1460,3311,3210,2496,1233,1537,11403
2026-09-16T20:46:49.646425+00:00,69,49608,128x,300ms,25,64,1,596,1144,1647,1453,3302,3207,2491,1228,1523,11358
2026-09-16T20:46:50.365474+00:00,70,50328,128x,300ms,25,64,1,597,1143,1647,1454,3291,3202,2485,1226,1522,11377
2026-09-16T20:46:51.094156+00:00,71,51048,128x,300ms,25,64,0,596,1140,1644,1451,3290,3200,2484,1226,1522,11370
2026-09-16T20:46:51.813619+00:00,72,51767,128x,300ms,25,64,0,596,1142,1645,1451,3291,3201,2484,1227,1529,11409
2026-09-16T20:46:52.534301+00:00,73,52485,128x,300ms,25,64,0,596,1141,1643,1452,3293,3204,2487,1229,1534,11433
2026-09-16T20:46:53.262320+00:00,74,53203,128x,300ms,25,64,0,595,1140,1644,1453,3297,3208,2493,1231,1534,11433
2026-09-16T20:46:53.983441+00:00,75,53922,128x,300ms,25,64,0,595,1139,1641,1452,3287,3201,2485,1227,1530,11424
2026-09-16T20:46:54.709894+00:00,76,54640,128x,300ms,25,64,1,595,1139,1643,1451,3288,3202,2484,1228,1533,11427
2026-09-16T20:46:55.430018+00:00,77,55360,128x,300ms,25,64,1,596,1141,1643,1452,3288,3201,2484,1228,1534,11431
2026-09-16T20:46:56.151697+00:00,78,56080,128x,300ms,25,64,1,596,1141,1643,1451,3287,3199,2482,1227,1531,11422
2026-09-16T20:46:56.877471+00:00,79,56799,128x,300ms,25,64,1,596,1140,1643,1451,3284,3199,2483,1226,1529,11429
2026-09-16T20:46:57.605733+00:00,80,57519,128x,300ms,25,64,1,595,1139,1640,1449,3280,3196,2479,1224,1524,11412
2026-09-16T20:46:58.325517+00:00,81,58238,128x,300ms,25,64,0,594,1138,1638,1446,3281,3196,2480,1225,1525,11413
2026-09-16T20:46:59.046301+00:00,82,58956,128x,300ms,25,64,0,594,1136,1637,1446,3279,3194,2478,1225,1527,11412
2026-09-16T20:46:59.773477+00:00,83,59675,128x,300ms,25,64,0,594,1136,1637,1447,3278,3192,2476,1223,1524,11401
2026-09-16T20:47:00.494197+00:00,84,60393,128x,300ms,25,64,0,595,1139,1640,1449,3284,3202,2483,1227,1532,11446
2026-09-16T20:47:01.214763+00:00,85,61112,128x,300ms,25,64,0,596,1140,1642,1452,3284,3202,2482,1226,1530,11445
2026-09-16T20:47:01.941657+00:00,86,61831,128x,300ms,25,64,1,594,1138,1640,1449,3283,3199,2481,1226,1531,11445
2026-09-16T20:47:02.661632+00:00,87,62550,128x,300ms,25,64,1,594,1139,1639,1450,3283,3201,2480,1226,1532,11439
2026-09-16T20:47:03.390062+00:00,88,63269,128x,300ms,25,64,1,595,1138,1639,1449,3281,3200,2480,1226,1532,11443
2026-09-16T20:47:04.117782+00:00,89,63989,128x,300ms,25,64,1,594,1137,1639,1449,3279,3199,2480,1225,1529,11437
2026-09-16T20:47:04.837899+00:00,90,64709,128x,300ms,25,64,1,595,1138,1639,1450,3278,3196,2479,1225,1528,11429
2026-09-16T20:47:05.557491+00:00,91,65429,128x,300ms,25,64,0,595,1139,1641,1450,3279,3197,2479,1225,1528,11431
2026-09-16T20:47:06.286288+00:00,92,66147,128x,300ms,25,64,0,596,1140,1642,1451,3281,3197,2480,1226,1528,11436
2026-09-16T20:47:07.005627+00:00,93,66866,128x,300ms,25,64,0,595,1140,1641,1450,3282,3201,2481,1226,1531,11458
2026-09-16T20:47:07.726712+00:00,94,67585,128x,300ms,25,64,0,595,1140,1640,1450,3304,3231,2500,1241,1574,11625
2026-09-16T20:47:08.454402+00:00,95,68303,128x,300ms,25,64,0,604,1153,1663,1478,3312,3251,2508,1247,1577,11672
2026-09-16T20:47:09.174086+00:00,96,69021,128x,300ms,25,64,1,602,1150,1659,1474,3304,3240,2504,1242,1541,11549
2026-09-16T20:47:09.902166+00:00,97,69741,128x,300ms,25,64,1,603,1152,1661,1476,3319,3255,2514,1251,1562,11625
2026-09-16T20:47:10.621686+00:00,98,70461,128x,300ms,25,64,1,603,1154,1666,1478,3326,3250,2516,1250,1554,11575
2026-09-16T20:47:11.349751+00:00,99,71181,128x,300ms,25,64,1,602,1153,1662,1475,3324,3249,2512,1249,1548,11553
2026-09-16T20:47:12.069973+00:00,100,71901,128x,300ms,25,64,1,603,1153,1664,1476,3326,3249,2512,1250,1550,11566
2026-09-16T20:47:12.797867+00:00,101,72621,128x,300ms,25,64,0,603,1154,1664,1477,3326,3250,2512,1249,1549,11570
2026-09-16T20:47:13.518148+00:00,102,73338,128x,300ms,25,64,0,604,1155,1664,1476,3327,3252,2512,1250,1554,11586
2026-09-16T20:47:14.238228+00:00,103,74057,128x,300ms,25,64,0,602,1151,1660,1475,3322,3249,2509,1247,1549,11577
2026-09-16T20:47:14.966068+00:00,104,74776,128x,300ms,25,64,0,602,1150,1659,1475,3323,3249,2509,1248,1552,11574
2026-09-16T20:47:15.686461+00:00,105,75495,128x,300ms,25,64,0,601,1151,1660,1475,3322,3247,2507,1247,1550,11570
2026-09-16T20:47:16.413857+00:00,106,76214,128x,300ms,25,64,1,602,1153,1663,1477,3320,3247,2506,1247,1553,11564
2026-09-16T20:47:17.141758+00:00,107,76934,128x,300ms,25,64,1,602,1153,1661,1476,3319,3245,2505,1247,1551,11565
2026-09-16T20:47:17.862182+00:00,108,77654,128x,300ms,25,64,1,602,1152,1661,1476,3316,3243,2503,1246,1550,11558
2026-09-16T20:47:18.589452+00:00,109,78373,128x,300ms,25,64,1,602,1151,1660,1475,3316,3244,2503,1246,1551,11557
2026-09-16T20:47:19.309706+00:00,110,79093,128x,300ms,25,64,1,602,1152,1661,1476,3316,3242,2503,1246,1551,11559
2026-09-16T20:47:20.029848+00:00,111,79813,128x,300ms,25,64,0,602,1152,1661,1475,3315,3243,2504,1247,1551,11559
2026-09-16T20:47:20.758483+00:00,112,80532,128x,300ms,25,64,0,602,1152,1661,1474,3318,3246,2506,1247,1552,11568
2026-09-16T20:47:21.478303+00:00,113,81250,128x,300ms,25,64,0,601,1150,1657,1472,3315,3244,2505,1247,1552,11564
2026-09-16T20:47:22.198241+00:00,114,81969,128x,300ms,25,64,0,600,1148,1656,1473,3311,3240,2502,1246,1550,11547
2026-09-16T20:47:22.925880+00:00,115,82686,128x,300ms,25,64,0,601,1150,1657,1473,3309,3238,2502,1246,1551,11544
2026-09-16T20:47:23.645590+00:00,116,83405,128x,300ms,25,64,1,602,1151,1658,1472,3310,3240,2503,1246,1549,11551
2026-09-16T20:47:24.373975+00:00,117,84125,128x,300ms,25,64,1,601,1150,1658,1472,3312,3242,2505,1247,1552,11557
2026-09-16T20:47:25.094420+00:00,118,84845,128x,300ms,25,64,1,601,1151,1659,1473,3314,3246,2505,1247,1553,11568
2026-09-16T20:47:25.821631+00:00,119,85565,128x,300ms,25,64,1,602,1150,1659,1472,3313,3246,2507,1247,1552,11568
2026-09-16T20:47:26.541766+00:00,120,86285,128x,300ms,25,64,1,600,1149,1656,1471,3311,3243,2505,1247,1551,11560
2026-09-16T20:47:27.269558+00:00,121,87005,128x,300ms,25,64,0,601,1150,1657,1472,3309,3241,2504,1247,1551,11556
2026-09-16T20:47:27.989660+00:00,122,87724,128x,300ms,25,64,0,600,1148,1656,1471,3310,3240,2503,1246,1550,11544
2026-09-16T20:47:28.717799+00:00,123,88442,128x,300ms,25,64,0,601,1150,1658,1473,3309,3240,2503,1246,1551,11545
2026-09-16T20:47:29.437742+00:00,124,89161,128x,300ms,25,64,0,601,1151,1659,1473,3311,3245,2506,1247,1550,11559
2026-09-16T20:47:30.157450+00:00,125,89879,128x,300ms,25,64,0,601,1149,1656,1472,3310,3242,2504,1246,1550,11553
2026-09-16T20:47:30.886069+00:00,126,90598,128x,300ms,25,64,1,600,1148,1656,1472,3308,3241,2503,1246,1550,11547
2026-09-16T20:47:31.605787+00:00,127,91318,128x,300ms,25,64,1,601,1149,1656,1472,3309,3241,2504,1246,1551,11550
2026-09-16T20:47:32.333742+00:00,128,92038,128x,300ms,25,64,1,601,1149,1657,1472,3311,3242,2504,1246,1551,11552
2026-09-16T20:47:33.055165+00:00,129,92758,128x,300ms,25,64,1,601,1150,1658,1473,3310,3243,2506,1247,1549,11559
2026-09-16T20:47:33.781848+00:00,130,93477,128x,300ms,25,64,1,601,1150,1659,1473,3311,3243,2505,1247,1549,11563
2026-09-16T20:47:34.501541+00:00,131,94197,128x,300ms,25,64,0,601,1149,1656,1472,3310,3242,2505,1247,1551,11558
2026-09-16T20:47:35.230004+00:00,132,94915,128x,300ms,25,64,0,600,1149,1655,1471,3311,3242,2504,1247,1550,11557
2026-09-16T20:47:35.949548+00:00,133,95634,128x,300ms,25,64,0,600,1148,1657,1472,3309,3241,2503,1246,1548,11551
2026-09-16T20:47:36.670451+00:00,134,96353,128x,300ms,25,64,0,601,1150,1658,1473,3310,3242,2505,1247,1549,11556
2026-09-16T20:47:37.398327+00:00,135,97071,128x,300ms,25,64,0,601,1150,1658,1473,3311,3244,2506,1247,1552,11563
2026-09-16T20:47:38.118085+00:00,136,97789,128x,300ms,25,64,1,601,1148,1657,1473,3311,3243,2505,1247,1552,11560
2026-09-16T20:47:38.845879+00:00,137,98509,128x,300ms,25,64,1,599,1144,1651,1465,3259,3186,2461,1217,1484,11302
2026-09-16T20:47:39.574785+00:00,138,99229,128x,300ms,25,64,1,571,1091,1575,1373,3122,3042,2353,1144,1365,10784
2026-09-16T20:47:40.293931+00:00,139,99949,128x,300ms,25,64,1,570,1086,1568,1365,3124,3048,2354,1145,1368,10795
2026-09-16T20:47:41.014980+00:00,140,100669,128x,300ms,25,64,1,570,1087,1571,1366,3139,3058,2366,1152,1373,10816
2026-09-16T20:47:41.741775+00:00,141,101389,128x,300ms,25,64,0,574,1094,1579,1376,3148,3067,2374,1157,1377,10832
2026-09-16T20:47:42.462415+00:00,142,102108,128x,300ms,25,64,0,574,1095,1581,1379,3157,3076,2380,1160,1380,10852
2026-09-16T20:47:43.189437+00:00,143,102827,128x,300ms,25,64,0,574,1095,1580,1380,3163,3085,2385,1166,1387,10885
2026-09-16T20:47:43.909562+00:00,144,103545,128x,300ms,25,64,0,576,1099,1587,1389,3171,3093,2390,1169,1393,10903
2026-09-16T20:47:44.637894+00:00,145,104264,128x,300ms,25,64,0,577,1101,1590,1390,3164,3087,2385,1165,1384,10872
2026-09-16T20:47:45.358881+00:00,146,104983,128x,300ms,25,64,1,575,1098,1584,1383,3161,3081,2383,1162,1380,10858
2026-09-16T20:47:46.086227+00:00,147,105703,128x,300ms,25,64,1,574,1096,1581,1381,3158,3077,2381,1162,1379,10848
2026-09-16T20:47:46.806474+00:00,148,106423,128x,300ms,25,64,1,575,1096,1582,1382,3160,3080,2382,1162,1382,10860
2026-09-16T20:47:47.533646+00:00,149,107143,128x,300ms,25,64,1,571,1090,1572,1372,3071,2895,2329,1113,1191,9799
2026-09-16T20:47:48.253775+00:00,150,107863,128x,300ms,25,64,1,524,1067,1465,1340,3054,2840,2333,1104,1129,9369
2026-09-16T20:47:48.982468+00:00,151,108582,128x,300ms,25,64,0,502,1058,1417,1320,2996,2751,2306,1076,1069,8952
2026-09-16T20:47:49.702115+00:00,152,109301,128x,300ms,25,64,0,485,1055,1380,1302,2961,2698,2289,1058,1042,8747
2026-09-16T20:47:50.422032+00:00,153,110020,128x,300ms,25,64,0,481,1047,1368,1290,2937,2669,2271,1047,1031,8661
2026-09-16T20:47:51.149604+00:00,154,110739,128x,300ms,25,64,0,467,1034,1330,1263,2885,2600,2244,1024,997,8400
2026-09-16T20:47:51.869497+00:00,155,111458,128x,300ms,25,64,0,459,1032,1312,1252,2858,2561,2240,1014,975,8234
2026-09-16T20:47:52.598056+00:00,156,112177,128x,300ms,25,64,1,453,1029,1295,1241,2840,2535,2236,1007,963,8133
2026-09-16T20:47:53.317516+00:00,157,112896,128x,300ms,25,64,1,446,1024,1278,1228,2832,2525,2232,1004,958,8090
2026-09-16T20:47:54.046061+00:00,158,113615,128x,300ms,25,64,1,449,1024,1284,1231,2852,2548,2231,1008,971,8206
2026-09-16T20:47:54.765926+00:00,159,114335,128x,300ms,25,64,1,448,1022,1282,1229,2812,2501,2216,994,948,8028
2026-09-16T20:47:55.486345+00:00,160,115054,128x,300ms,25,64,1,440,1018,1261,1214,2754,2423,2210,975,908,7682
2026-09-16T20:47:56.214438+00:00,161,115773,128x,300ms,25,64,0,418,1004,1202,1177,2716,2375,2196,959,886,7508
2026-09-16T20:47:56.933593+00:00,162,116492,128x,300ms,25,64,0,418,1002,1203,1177,3083,2916,2349,1126,1265,10068
2026-09-16T20:47:57.662049+00:00,163,117211,128x,300ms,25,64,0,838,1756,2415,2208,5813,5339,3806,1862,2190,18402
2026-09-16T20:47:58.381868+00:00,164,117929,128x,300ms,25,64,0,901,1951,2632,2368,5625,5132,3669,1806,2147,17619
2026-09-16T20:47:59.109874+00:00,165,118648,128x,300ms,25,64,0,914,1993,2679,2395,5800,5321,3793,1860,2184,18329
2026-09-16T20:47:59.830763+00:00,166,119368,128x,300ms,25,64,1,930,2054,2729,2428,5929,5465,3903,1902,2211,18938
2026-09-16T20:48:00.557524+00:00,167,120088,128x,300ms,25,64,1,946,2118,2780,2463,5944,5481,3918,1907,2216,19021
2026-09-16T20:48:01.278379+00:00,168,120808,128x,300ms,25,64,1,940,2093,2759,2448,5861,5401,3858,1884,2187,18699
2026-09-16T20:48:02.005876+00:00,169,121529,128x,300ms,25,64,1,914,1995,2677,2392,5251,4751,3464,1704,2048,16405
2026-09-16T20:48:02.734484+00:00,170,122249,128x,300ms,25,64,1,841,1773,2433,2223,5274,4784,3483,1712,2043,16550
2026-09-16T20:48:03.453691+00:00,171,122969,128x,300ms,25,64,0,865,1849,2518,2269,4734,4334,3210,1582,1948,15231
2026-09-16T20:48:04.174851+00:00,172,123687,128x,300ms,25,64,0,629,1218,1749,1576,3466,3349,2632,1313,1678,12019
2026-09-16T20:48:04.901720+00:00,173,124406,128x,300ms,25,64,0,617,1190,1707,1526,3433,3326,2607,1298,1664,11975
2026-09-16T20:48:05.622318+00:00,174,125125,128x,300ms,25,64,0,611,1175,1688,1505,3409,3307,2588,1286,1658,11918
2026-09-16T20:48:06.350579+00:00,175,125844,128x,300ms,25,64,0,612,1175,1689,1503,3402,3299,2582,1283,1653,11891
2026-09-16T20:48:07.069664+00:00,176,126563,128x,300ms,25,64,1,613,1179,1693,1510,4412,4106,3076,1526,1876,14478
2026-09-16T20:48:07.797504+00:00,177,127283,128x,300ms,25,64,1,858,1831,2493,2246,5375,4892,3528,1731,2031,16807
2026-09-16T20:48:08.518317+00:00,178,128003,128x,300ms,25,64,1,838,1764,2421,2215,5168,4685,3410,1677,2007,16186
2026-09-16T20:48:09.245780+00:00,179,128722,128x,300ms,25,64,1,815,1692,2338,2152,5026,4561,3345,1648,1993,15821
2026-09-16T20:48:09.965653+00:00,180,129442,128x,300ms,25,64,1,655,1281,1827,1659,3446,3357,2623,1312,1682,12080
2026-09-16T20:48:10.686116+00:00,181,130162,128x,300ms,25,64,0,621,1194,1714,1537,3445,3358,2620,1310,1675,12065
2026-09-16T20:48:11.413709+00:00,182,130881,128x,300ms,25,64,0,623,1196,1718,1542,3453,3375,2621,1316,1695,12165
2026-09-16T20:48:12.134392+00:00,183,131599,128x,300ms,25,64,0,625,1199,1722,1548,3463,3380,2632,1320,1693,12161
2026-09-16T20:48:12.861714+00:00,184,132318,128x,300ms,25,64,0,624,1201,1723,1549,3459,3375,2627,1318,1692,12147
2026-09-16T20:48:13.581753+00:00,185,133037,128x,300ms,25,64,0,624,1200,1722,1546,3454,3371,2623,1315,1687,12144
2026-09-16T20:48:14.309441+00:00,186,133755,128x,300ms,25,64,1,622,1199,1719,1543,3450,3363,2616,1312,1688,12146
2026-09-16T20:48:15.029679+00:00,187,134475,128x,300ms,25,64,1,620,1193,1712,1536,3438,3351,2602,1305,1688,12133
2026-09-16T20:48:15.757587+00:00,188,135195,128x,300ms,25,64,1,619,1191,1709,1533,3432,3343,2599,1303,1685,12107
2026-09-16T20:48:16.486374+00:00,189,135916,128x,300ms,25,64,1,620,1193,1713,1536,3435,3355,2607,1307,1686,12109
2026-09-16T20:48:17.205481+00:00,190,136636,128x,300ms,25,64,1,621,1192,1712,1535,3433,3354,2605,1306,1685,12099
2026-09-16T20:48:17.925472+00:00,191,137357,128x,300ms,25,64,0,622,1192,1713,1537,3433,3358,2607,1307,1686,12109
2026-09-16T20:48:18.654306+00:00,192,138076,128x,300ms,25,64,0,623,1195,1717,1540,3441,3366,2611,1309,1688,12131
2026-09-16T20:48:19.373471+00:00,193,138793,128x,300ms,25,64,0,624,1196,1717,1540,3435,3362,2609,1307,1684,12117
2026-09-16T20:48:20.093982+00:00,194,139512,128x,300ms,25,64,0,622,1193,1713,1537,3433,3359,2606,1307,1686,12110
2026-09-16T20:48:20.822670+00:00,195,140230,128x,300ms,25,64,0,623,1193,1713,1536,3426,3352,2602,1304,1681,12088
2026-09-16T20:48:21.550200+00:00,196,140949,128x,300ms,25,64,1,621,1192,1710,1533,3427,3353,2603,1303,1679,12093
2026-09-16T20:48:22.269570+00:00,197,141669,128x,300ms,25,64,1,622,1193,1712,1535,3429,3354,2602,1305,1683,12094
2026-09-16T20:48:22.997937+00:00,198,142390,128x,300ms,25,64,1,622,1192,1711,1534,3424,3350,2600,1302,1679,12089
2026-09-16T20:48:23.717688+00:00,199,143111,128x,300ms,25,64,1,622,1194,1715,1537,3464,3378,2630,1318,1692,12143
2026-09-16T20:48:24.445668+00:00,200,143831,128x,300ms,25,64,1,625,1204,1727,1552,3474,3384,2639,1323,1694,12152
2026-09-16T20:48:25.167000+00:00,201,144550,128x,300ms,25,64,0,625,1205,1729,1553,3482,3394,2644,1327,1700,12178
2026-09-16T20:48:25.893561+00:00,202,145269,128x,300ms,25,64,0,626,1206,1732,1559,3483,3395,2644,1327,1700,12176
2026-09-16T20:48:26.614370+00:00,203,145988,128x,300ms,25,64,0,626,1205,1730,1557,3477,3388,2639,1325,1694,12155
2026-09-16T20:48:27.333460+00:00,204,146707,128x,300ms,25,64,0,626,1205,1729,1554,3476,3387,2640,1325,1693,12155
2026-09-16T20:48:28.061641+00:00,205,147426,128x,300ms,25,64,0,625,1205,1729,1553,3476,3387,2640,1324,1692,12146
2026-09-16T20:48:28.782076+00:00,206,148145,128x,300ms,25,64,1,625,1203,1728,1554,3479,3393,2640,1325,1695,12167
2026-09-16T20:48:29.509651+00:00,207,148865,128x,300ms,25,64,1,626,1204,1728,1555,3472,3387,2635,1322,1693,12156
2026-09-16T20:48:30.237916+00:00,208,149585,128x,300ms,25,64,1,625,1202,1726,1552,3468,3382,2632,1321,1692,12140
2026-09-16T20:48:30.957613+00:00,209,150305,128x,300ms,25,64,1,626,1203,1728,1552,3469,3384,2634,1321,1688,12146
2026-09-16T20:48:31.678171+00:00,210,151025,128x,300ms,25,64,1,624,1203,1724,1549,3462,3372,2628,1315,1677,12099
2026-09-16T20:48:32.406283+00:00,211,151745,128x,300ms,25,64,0,622,1197,1718,1542,3465,3375,2632,1316,1678,12107
2026-09-16T20:48:33.125726+00:00,212,152463,128x,300ms,25,64,0,621,1198,1718,1542,3431,3340,2606,1297,1630,11913
2026-09-16T20:48:33.853500+00:00,213,153182,128x,300ms,25,64,0,617,1189,1707,1529,3437,3343,2611,1298,1632,11924
2026-09-16T20:48:34.574573+00:00,214,153900,128x,300ms,25,64,0,616,1186,1703,1525,3430,3335,2604,1295,1631,11905
2026-09-16T20:48:35.301757+00:00,215,154619,128x,300ms,25,64,0,616,1187,1704,1526,3433,3337,2606,1296,1631,11911
2026-09-16T20:48:36.021771+00:00,216,155337,128x,300ms,25,64,1,618,1190,1708,1529,3439,3349,2612,1300,1636,11947
2026-09-16T20:48:36.749647+00:00,217,156057,128x,300ms,25,64,1,619,1191,1710,1531,3432,3340,2606,1296,1626,11908
2026-09-16T20:48:37.470201+00:00,218,156778,128x,300ms,25,64,1,614,1182,1698,1519,3419,3324,2595,1289,1614,11851
2026-09-16T20:48:38.197444+00:00,219,157498,128x,300ms,25,64,1,614,1182,1699,1519,3410,3318,2588,1285,1616,11855
2026-09-16T20:48:38.917995+00:00,220,158218,128x,300ms,25,64,1,613,1180,1694,1515,3412,3320,2588,1286,1617,11864
2026-09-16T20:48:39.645899+00:00,221,158938,128x,300ms,25,64,0,614,1184,1699,1520,3404,3317,2580,1283,1610,11853
2026-09-16T20:48:40.365511+00:00,222,159656,128x,300ms,25,64,0,612,1179,1692,1512,3397,3309,2576,1280,1602,11834
2026-09-16T20:48:41.086016+00:00,223,160375,128x,300ms,25,64,0,611,1176,1688,1510,3390,3304,2571,1276,1600,11825
2026-09-16T20:48:41.814139+00:00,224,161094,128x,300ms,25,64,0,611,1176,1688,1509,3387,3302,2567,1275,1601,11826
2026-09-16T20:48:42.534052+00:00,225,161812,128x,300ms,25,64,0,613,1180,1692,1511,3392,3311,2572,1278,1604,11857
2026-09-16T20:48:43.261660+00:00,226,162531,128x,300ms,25,64,1,613,1178,1689,1510,3387,3304,2568,1275,1599,11837
2026-09-16T20:48:43.984542+00:00,227,163251,128x,300ms,25,64,1,611,1175,1685,1507,3384,3300,2566,1273,1597,11817
2026-09-16T20:48:44.709795+00:00,228,163971,128x,300ms,25,64,1,611,1175,1684,1505,3381,3296,2564,1270,1594,11807
2026-09-16T20:48:45.430032+00:00,229,164690,128x,300ms,25,64,1,611,1176,1687,1507,3383,3298,2564,1272,1600,11819
2026-09-16T20:48:46.157901+00:00,230,165411,128x,300ms,25,64,1,611,1177,1686,1507,3372,3288,2547,1266,1602,11826
2026-09-16T20:48:46.878055+00:00,231,166131,128x,300ms,25,64,0,607,1167,1673,1492,3336,3261,2520,1248,1592,11789
2026-09-16T20:48:47.606331+00:00,232,166850,128x,300ms,25,64,0,604,1159,1666,1484,3330,3255,2517,1247,1590,11788
2026-09-16T20:48:48.326248+00:00,233,167569,128x,300ms,25,64,0,604,1161,1666,1484,3346,3264,2528,1254,1590,11783
2026-09-16T20:48:49.053468+00:00,234,168288,128x,300ms,25,64,0,608,1168,1675,1493,3355,3278,2534,1258,1595,11814
2026-09-16T20:48:49.773400+00:00,235,169007,128x,300ms,25,64,0,608,1168,1676,1494,3350,3276,2530,1256,1591,11800
2026-09-16T20:48:50.502029+00:00,236,169725,128x,300ms,25,64,1,606,1164,1671,1490,3341,3267,2526,1252,1587,11774
2026-09-16T20:48:51.221925+00:00,237,170444,128x,300ms,25,64,1,607,1165,1671,1489,3339,3265,2525,1251,1586,11766
2026-09-16T20:48:51.949666+00:00,238,171165,128x,300ms,25,64,1,608,1166,1674,1489,3342,3271,2527,1253,1587,11785
2026-09-16T20:48:52.669773+00:00,239,171884,128x,300ms,25,64,1,608,1166,1675,1491,3341,3272,2526,1252,1583,11772
2026-09-16T20:48:53.398262+00:00,240,172604,128x,300ms,25,64,1,606,1163,1670,1486,3332,3263,2522,1248,1575,11737
2026-09-16T20:48:54.118099+00:00,241,173324,128x,300ms,25,64,0,605,1165,1675,1495,3523,3446,2680,1344,1676,12215
2026-09-16T20:48:54.846062+00:00,242,174044,128x,300ms,25,64,0,820,2021,2454,2223,4932,4668,3569,1728,2259,17125
2026-09-16T20:48:55.565780+00:00,243,174763,128x,300ms,25,64,0,1002,2357,2969,2660,6516,5955,4343,2106,2611,21304
2026-09-16T20:48:56.294158+00:00,244,175482,128x,300ms,25,64,0,1004,2328,2959,2625,6339,5775,4244,2048,2559,20458
2026-09-16T20:48:57.014378+00:00,245,176202,128x,300ms,25,64,0,986,2362,2950,2673,6505,5767,4407,2091,2475,20208
2026-09-16T20:48:57.741899+00:00,246,176922,128x,300ms,25,64,1,815,2196,2504,2406,4558,3940,3159,1480,1593,12483
2026-09-16T20:48:59.142170+00:00,247,177643,128x,300ms,25,64,1,788,1895,2290,2062,2833,3228,2275,1182,1506,12059
2026-09-16T20:48:59.862213+00:00,248,178363,128x,300ms,25,64,1,180,565,532,571,201,111,147,54,224,928
2026-09-16T20:49:00.581707+00:00,249,179079,128x,300ms,25,64,1,12,76,66,167,137,41,20,15,8,541
2026-09-16T20:49:01.302161+00:00,250,179792,128x,300ms,25,64,1,22,213,158,376,143,43,22,16,10,586
2026-09-16T20:49:02.021739+00:00,251,180507,128x,300ms,25,64,0,22,221,160,378,147,45,23,18,9,629
2026-09-16T20:49:02.741755+00:00,252,181222,128x,300ms,25,64,0,27,300,183,380,152,48,27,22,11,884
2026-09-16T20:49:03.461496+00:00,253,181938,128x,300ms,25,64,0,37,457,229,396,152,49,28,24,11,961
2026-09-16T20:49:04.182233+00:00,254,182652,128x,300ms,25,64,0,37,463,230,395,153,49,29,24,12,980
2026-09-16T20:49:04.902321+00:00,255,183368,128x,300ms,25,64,0,38,474,232,396,152,49,29,24,12,983
2026-09-16T20:49:05.621752+00:00,256,184083,128x,300ms,25,64,1,38,477,231,394,151,49,28,23,11,925
2026-09-16T20:49:06.333779+00:00,257,184798,128x,300ms,25,64,1,23,271,163,335,144,44,23,18,9,592
2026-09-16T20:49:07.053482+00:00,258,185512,128x,300ms,25,64,1,27,298,188,393,143,44,22,18,9,613
2026-09-16T20:49:07.774150+00:00,259,186226,128x,300ms,25,64,1,24,262,176,379,144,44,22,18,10,632
2026-09-16T20:49:08.493968+00:00,260,186940,128x,300ms,25,64,1,26,282,182,387,150,47,25,20,11,769
2026-09-16T20:49:09.213482+00:00,261,187655,128x,300ms,25,64,0,33,410,217,394,153,49,28,22,12,903
2026-09-16T20:49:09.933799+00:00,262,188369,128x,300ms,25,64,0,32,394,212,390,152,49,28,23,11,983
2026-09-16T20:49:10.653890+00:00,263,189085,128x,300ms,25,64,0,35,444,223,390,153,49,28,23,12,974
2026-09-16T20:49:11.373732+00:00,264,189801,128x,300ms,25,64,0,30,370,203,392,153,48,27,21,11,873
2026-09-16T20:49:12.102253+00:00,265,190516,128x,300ms,25,64,0,29,347,195,391,147,46,25,20,9,719
2026-09-16T20:49:12.133434+00:00,266,191232,128x,300ms,25,64,1,160,225,399,342,1375,2097,1181,750,1213,10122
2026-09-16T20:49:12.861793+00:00,267,191949,128x,300ms,25,64,1,721,1339,1876,1674,3733,4342,2871,1521,2040,18762
2026-09-16T20:49:13.581399+00:00,268,192670,128x,300ms,25,64,1,826,1534,2166,1995,4099,4922,3117,1637,2126,19838
2026-09-16T20:49:14.990012+00:00,269,193389,128x,300ms,25,64,1,501,588,1175,1094,1248,2141,1352,815,1114,8986
2026-09-16T20:49:15.709670+00:00,270,194108,128x,300ms,25,64,1,135,173,277,217,66,27,26,14,13,166
2026-09-16T20:49:16.422271+00:00,271,194823,128x,300ms,25,64,0,13,325,195,136,140,42,21,15,8,506
2026-09-16T20:49:17.142093+00:00,272,195537,128x,300ms,25,64,0,21,202,156,379,138,41,20,15,9,542
2026-09-16T20:49:17.862054+00:00,273,196252,128x,300ms,25,64,0,20,191,147,367,143,43,21,15,9,576
2026-09-16T20:49:18.581643+00:00,274,196967,128x,300ms,25,64,0,21,204,151,373,144,43,21,15,9,583
2026-09-16T20:49:19.301835+00:00,275,197682,128x,300ms,25,64,0,20,200,155,375,137,41,20,15,9,530
2026-09-16T20:49:20.022036+00:00,276,198396,128x,300ms,25,64,1,19,198,154,359,136,41,20,15,8,534
2026-09-16T20:49:20.733989+00:00,277,199110,128x,300ms,25,64,1,17,154,118,314,126,38,18,13,7,476
2026-09-16T20:49:21.453931+00:00,278,199825,128x,300ms,25,64,1,18,155,113,309,117,35,16,12,6,440
2026-09-16T20:49:22.174374+00:00,279,200539,128x,300ms,25,64,1,17,150,114,315,131,39,19,13,7,470
2026-09-16T20:49:22.893749+00:00,280,201252,128x,300ms,25,64,1,19,189,145,344,131,40,19,14,8,493
2026-09-16T20:49:23.613503+00:00,281,201966,128x,300ms,25,64,0,18,187,144,341,130,39,19,14,7,482
2026-09-16T20:49:24.334362+00:00,282,202681,128x,300ms,25,64,0,18,186,143,340,129,39,19,14,7,473
2026-09-16T20:49:25.054190+00:00,283,203396,128x,300ms,25,64,0,18,184,143,339,130,39,19,14,8,466
2026-09-16T20:49:25.765484+00:00,284,204110,128x,300ms,25,64,0,18,184,142,338,130,39,19,14,7,458
2026-09-16T20:49:26.486068+00:00,285,204825,128x,300ms,25,64,0,18,183,142,337,130,39,19,14,7,452
2026-09-16T20:49:27.205389+00:00,286,205541,128x,300ms,25,64,1,17,182,142,337,130,40,19,14,7,446
2026-09-16T20:49:27.925367+00:00,287,206254,128x,300ms,25,64,1,18,182,142,337,130,39,19,14,7,441
2026-09-16T20:49:28.637882+00:00,288,206967,128x,300ms,25,64,1,18,182,142,337,131,39,19,15,7,436
2026-09-16T20:49:29.358239+00:00,289,207682,128x,300ms,25,64,1,18,182,142,337,131,39,19,15,7,432
2026-09-16T20:49:30.077532+00:00,290,208395,128x,300ms,25,64,1,18,182,142,337,131,39,19,14,7,429
2026-09-16T20:49:30.798484+00:00,291,209110,128x,300ms,25,64,0,18,182,142,337,131,39,19,14,7,427
2026-09-16T20:49:31.518232+00:00,292,209823,128x,300ms,25,64,0,17,182,142,338,131,40,19,15,7,425
2026-09-16T20:49:32.237653+00:00,293,210538,128x,300ms,25,64,0,17,181,142,337,131,40,19,14,7,423
2026-09-16T20:49:32.959296+00:00,294,211253,128x,300ms,25,64,0,17,181,142,337,131,40,19,15,7,422
2026-09-16T20:49:33.670169+00:00,295,211966,128x,300ms,25,64,0,18,181,142,336,131,40,19,14,7,421
2026-09-16T20:49:34.390636+00:00,296,212681,128x,300ms,25,64,1,17,180,141,336,131,39,19,15,7,419
2026-09-16T20:49:35.109507+00:00,297,213395,128x,300ms,25,64,1,17,180,141,336,131,40,19,14,7,417
2026-09-16T20:49:35.822236+00:00,298,214109,128x,300ms,25,64,1,17,180,141,336,131,39,19,14,7,416
2026-09-16T20:49:36.542800+00:00,299,214822,128x,300ms,25,64,1,18,179,141,335,131,39,19,14,7,415
2026-09-16T20:49:37.261973+00:00,300,215536,128x,300ms,25,64,1,18,179,141,335,131,39,19,14,7,414
2026-09-16T20:49:37.981394+00:00,301,216250,128x,300ms,25,64,0,17,179,141,335,131,40,19,15,7,412
2026-09-16T20:49:38.701742+00:00,302,216964,128x,300ms,25,64,0,17,178,141,335,131,39,19,14,7,410
2026-09-16T20:49:39.421619+00:00,303,217678,128x,300ms,25,64,0,17,179,141,335,131,40,19,14,7,410
2026-09-16T20:49:40.141977+00:00,304,218392,128x,300ms,25,64,0,17,178,141,335,131,40,19,14,7,410
2026-09-16T20:49:40.854096+00:00,305,219107,128x,300ms,25,64,0,17,177,140,333,129,39,19,14,6,396
2026-09-16T20:49:41.574007+00:00,306,219822,128x,300ms,25,64,1,17,169,138,326,128,39,19,14,7,394
2026-09-16T20:49:42.293474+00:00,307,220535,128x,300ms,25,64,1,17,168,137,324,128,39,19,14,7,389
2026-09-16T20:49:43.013798+00:00,308,221249,128x,300ms,25,64,1,16,167,136,324,128,39,19,14,7,389
2026-09-16T20:49:43.733588+00:00,309,221963,128x,300ms,25,64,1,16,167,136,324,127,39,19,14,7,388
2026-09-16T20:49:44.446278+00:00,310,222676,128x,300ms,25,64,1,17,167,136,324,128,39,19,14,7,388
2026-09-16T20:49:45.166560+00:00,311,223390,128x,300ms,25,64,0,16,167,136,324,128,39,19,14,7,387
2026-09-16T20:49:45.885866+00:00,312,224105,128x,300ms,25,64,0,16,167,136,324,128,39,19,14,7,387
2026-09-16T20:49:46.606615+00:00,313,224820,128x,300ms,25,64,0,16,167,136,323,128,39,19,14,7,387
2026-09-16T20:49:47.327279+00:00,314,225534,128x,300ms,25,64,0,17,167,136,324,128,39,19,14,7,387
2026-09-16T20:49:48.046104+00:00,315,226249,128x,300ms,25,64,0,16,167,136,323,128,39,19,14,7,386
2026-09-16T20:49:48.758006+00:00,316,226964,128x,300ms,25,64,1,16,167,136,323,127,39,19,14,7,387
2026-09-16T20:49:49.478187+00:00,317,227678,128x,300ms,25,64,1,16,167,136,323,127,39,19,14,7,386
2026-09-16T20:49:50.197685+00:00,318,228391,128x,300ms,25,64,1,16,167,136,323,128,39,19,14,7,386
2026-09-16T20:49:50.917910+00:00,319,229105,128x,300ms,25,64,1,16,167,135,324,128,38,19,14,7,386
2026-09-16T20:49:51.637774+00:00,320,229820,128x,300ms,25,64,1,16,167,135,323,127,38,19,14,7,386
2026-09-16T20:49:52.357816+00:00,321,230534,128x,300ms,25,64,0,17,167,136,323,128,39,20,14,7,386
2026-09-16T20:49:53.077796+00:00,322,231248,128x,300ms,25,64,0,17,167,135,323,128,39,19,14,7,386
2026-09-16T20:49:53.790006+00:00,323,231963,128x,300ms,25,64,0,16,167,136,323,128,39,19,14,7,386
2026-09-16T20:49:54.510064+00:00,324,232678,128x,300ms,25,64,0,16,167,135,323,128,39,19,14,7,385
2026-09-16T20:49:55.230098+00:00,325,233393,128x,300ms,25,64,0,16,167,135,323,127,39,19,14,6,386
2026-09-16T20:49:55.950214+00:00,326,234107,128x,300ms,25,64,1,17,167,136,323,127,39,19,14,7,385
2026-09-16T20:49:56.670191+00:00,327,234821,128x,300ms,25,64,1,16,167,136,323,127,39,19,14,6,385
2026-09-16T20:49:57.381912+00:00,328,235535,128x,300ms,25,64,1,17,167,136,323,127,39,19,14,7,385
2026-09-16T20:49:58.101890+00:00,329,236249,128x,300ms,25,64,1,16,167,136,323,128,39,19,14,7,385
2026-09-16T20:49:58.822052+00:00,330,236962,128x,300ms,25,64,1,16,167,136,323,128,39,19,14,7,385
2026-09-16T20:49:59.541767+00:00,331,237677,128x,300ms,25,64,0,16,167,136,323,128,39,19,14,7,385
2026-09-16T20:50:00.262303+00:00,332,238392,128x,300ms,25,64,0,16,167,135,323,127,39,19,14,7,384
2026-09-16T20:50:00.981377+00:00,333,239107,128x,300ms,25,64,0,16,166,136,323,128,39,19,14,7,384
2026-09-16T20:50:01.702334+00:00,334,239820,128x,300ms,25,64,0,16,167,135,323,128,39,19,14,7,384
2026-09-16T20:50:02.414055+00:00,335,240536,128x,300ms,25,64,0,16,167,136,323,127,39,19,14,7,384
2026-09-16T20:50:03.134032+00:00,336,241251,128x,300ms,25,64,1,16,167,135,323,128,39,19,14,7,384
2026-09-16T20:50:03.853539+00:00,337,241965,128x,300ms,25,64,1,16,166,135,323,127,39,19,14,7,384
2026-09-16T20:50:04.573947+00:00,338,242678,128x,300ms,25,64,1,16,166,136,323,127,39,19,14,7,383
2026-09-16T20:50:05.293814+00:00,339,243392,128x,300ms,25,64,1,16,166,135,323,127,39,19,14,7,383
2026-09-16T20:50:06.013798+00:00,340,244106,128x,300ms,25,64,1,16,167,135,323,127,39,19,14,7,383
2026-09-16T20:50:06.725519+00:00,341,244819,128x,300ms,25,64,0,16,167,135,323,128,39,20,14,7,383
2026-09-16T20:50:07.445446+00:00,342,245534,128x,300ms,25,64,0,16,166,135,323,128,39,19,14,7,383
2026-09-16T20:50:08.165721+00:00,343,246249,128x,300ms,25,64,0,17,166,136,323,128,39,19,14,7,383
2026-09-16T20:50:08.885843+00:00,344,246964,128x,300ms,25,64,0,16,166,135,323,127,39,20,14,7,383
2026-09-16T20:50:09.606118+00:00,345,247678,128x,300ms,25,64,0,16,166,135,323,128,39,19,14,7,383
2026-09-16T20:50:10.325615+00:00,346,248393,128x,300ms,25,64,1,16,166,136,322,128,39,20,14,7,383
2026-09-16T20:50:11.037623+00:00,347,249107,128x,300ms,25,64,1,16,166,136,323,128,39,19,14,7,383
2026-09-16T20:50:11.758213+00:00,348,249822,128x,300ms,25,64,1,16,166,136,323,128,39,19,14,7,383
2026-09-16T20:50:12.477438+00:00,349,250535,128x,300ms,25,64,1,16,166,135,323,128,39,19,14,7,382
2026-09-16T20:50:13.198285+00:00,350,251249,128x,300ms,25,64,1,16,166,135,323,128,39,19,14,7,382
2026-09-16T20:50:13.918328+00:00,351,251963,128x,300ms,25,64,0,16,166,135,323,128,39,20,14,7,382
2026-09-16T20:50:14.638525+00:00,352,252678,128x,300ms,25,64,0,16,166,135,322,127,39,20,14,7,381
2026-09-16T20:50:15.358159+00:00,353,253392,128x,300ms,25,64,0,16,166,135,323,128,39,19,14,7,382
2026-09-16T20:50:16.077840+00:00,354,254107,128x,300ms,25,64,0,16,166,135,323,128,39,19,14,7,381
2026-09-16T20:50:16.789851+00:00,355,254823,128x,300ms,25,64,0,16,166,135,322,128,39,19,14,7,381
2026-09-16T20:50:17.509946+00:00,356,255538,128x,300ms,25,64,1,16,166,135,322,128,39,19,14,7,380
2026-09-16T20:50:18.230657+00:00,357,256251,128x,300ms,25,64,1,16,166,135,322,128,39,20,14,7,380
2026-09-16T20:50:18.949819+00:00,358,256965,128x,300ms,25,64,1,17,166,135,322,128,39,19,14,7,379
2026-09-16T20:50:19.662177+00:00,359,257679,128x,300ms,25,64,1,16,165,134,321,128,39,20,15,7,372
2026-09-16T20:50:20.381500+00:00,360,258394,128x,300ms,25,64,1,16,165,134,320,128,39,20,14,7,372
2026-09-16T20:50:21.102358+00:00,361,259107,128x,300ms,25,64,0,16,165,134,320,128,39,20,14,7,371
2026-09-16T20:50:21.821532+00:00,362,259822,128x,300ms,25,64,0,16,165,134,320,128,39,20,14,7,371
2026-09-16T20:50:22.542972+00:00,363,260537,128x,300ms,25,64,0,16,164,134,320,127,39,19,14,7,371
2026-09-16T20:50:23.261427+00:00,364,261252,128x,300ms,25,64,0,16,165,134,320,127,39,20,14,7,371
2026-09-16T20:50:23.981802+00:00,365,261966,128x,300ms,25,64,0,16,164,134,320,128,39,19,14,6,370
2026-09-16T20:50:24.693905+00:00,366,262681,128x,300ms,25,64,1,16,165,134,320,128,39,20,14,6,372
2026-09-16T20:50:25.413775+00:00,367,263396,128x,300ms,25,64,1,16,164,134,320,128,39,20,14,7,371
2026-09-16T20:50:26.133792+00:00,368,264110,128x,300ms,25,64,1,16,164,134,320,128,39,19,14,7,371
2026-09-16T20:50:26.853377+00:00,369,264823,128x,300ms,25,64,1,16,164,134,320,128,39,20,14,7,371
2026-09-16T20:50:27.574187+00:00,370,265536,128x,300ms,25,64,1,16,164,134,320,128,39,19,14,7,370
2026-09-16T20:50:28.293711+00:00,371,266251,128x,300ms,25,64,0,16,165,134,320,128,39,20,14,7,370
2026-09-16T20:50:29.013998+00:00,372,266966,128x,300ms,25,64,0,16,164,134,320,128,39,20,14,7,370
2026-09-16T20:50:29.733368+00:00,373,267680,128x,300ms,25,64,0,16,165,134,320,128,39,20,14,6,370
2026-09-16T20:50:30.446181+00:00,374,268395,128x,300ms,25,64,0,16,164,134,320,128,39,19,14,7,371
2026-09-16T20:50:31.166103+00:00,375,269110,128x,300ms,25,64,0,16,165,134,320,128,39,19,14,7,370
2026-09-16T20:50:31.886206+00:00,376,269825,128x,300ms,25,64,1,16,164,134,320,128,39,20,14,7,370
2026-09-16T20:50:32.606533+00:00,377,270538,128x,300ms,25,64,1,16,165,134,320,128,39,20,14,7,370
2026-09-16T20:50:33.325703+00:00,378,271253,128x,300ms,25,64,1,16,164,134,320,128,39,19,14,7,370
2026-09-16T20:50:34.038615+00:00,379,271967,128x,300ms,25,64,1,16,164,134,320,127,39,20,14,7,370
2026-09-16T20:50:34.761195+00:00,380,272680,128x,300ms,25,64,1,16,164,134,320,128,39,20,14,7,370
2026-09-16T20:50:35.477529+00:00,381,273394,128x,300ms,25,64,0,16,164,134,320,128,39,20,15,6,370
2026-09-16T20:50:36.198248+00:00,382,274110,128x,300ms,25,64,0,16,164,134,320,128,39,19,14,7,369
2026-09-16T20:50:36.917731+00:00,383,274825,128x,300ms,25,64,0,16,164,134,320,128,39,20,15,7,370
2026-09-16T20:50:37.637552+00:00,384,275539,128x,300ms,25,64,0,16,165,134,320,128,39,20,14,7,370
2026-09-16T20:50:38.357452+00:00,385,276254,128x,300ms,25,64,0,16,164,134,320,128,39,19,14,7,369
2026-09-16T20:50:39.070322+00:00,386,276969,128x,300ms,25,64,1,16,164,133,320,127,39,20,14,7,369
2026-09-16T20:50:39.789666+00:00,387,277683,128x,300ms,25,64,1,16,164,134,320,128,39,20,14,7,369
2026-09-16T20:50:40.510717+00:00,388,278397,128x,300ms,25,64,1,16,164,134,320,128,39,19,14,7,369
2026-09-16T20:50:41.230330+00:00,389,279111,128x,300ms,25,64,1,16,164,134,320,128,39,20,14,7,369
2026-09-16T20:50:41.949616+00:00,390,279825,128x,300ms,25,64,1,16,164,134,320,128,39,20,14,7,370
2026-09-16T20:50:42.669539+00:00,391,280539,128x,300ms,25,64,0,16,164,134,320,128,39,19,14,6,369
2026-09-16T20:50:43.389706+00:00,392,281253,128x,300ms,25,64,0,16,164,134,320,128,39,20,14,7,369
2026-09-16T20:50:44.110074+00:00,393,281969,128x,300ms,25,64,0,16,164,134,320,128,39,20,14,7,369
2026-09-16T20:50:44.821649+00:00,394,282684,128x,300ms,25,64,0,16,164,134,320,128,39,20,14,6,369
2026-09-16T20:50:45.541354+00:00,395,283399,128x,300ms,25,64,0,16,164,133,320,127,39,20,14,6,369
2026-09-16T20:50:46.262386+00:00,396,284113,128x,300ms,25,64,1,16,164,134,320,128,39,20,14,7,369
2026-09-16T20:50:46.982574+00:00,397,284827,128x,300ms,25,64,1,16,164,134,320,128,39,20,14,6,370
2026-09-16T20:50:47.694323+00:00,398,285542,128x,300ms,25,64,1,16,164,133,320,128,39,19,14,6,369
2026-09-16T20:50:48.414709+00:00,399,286255,128x,300ms,25,64,1,16,164,134,319,128,39,19,14,7,369
2026-09-16T20:50:49.133671+00:00,400,286969,128x,300ms,25,64,1,16,164,134,320,128,39,20,14,7,369
2026-09-16T20:50:49.854121+00:00,401,287683,128x,300ms,25,64,0,16,164,134,320,127,39,20,14,7,369
2026-09-16T20:50:50.574080+00:00,402,288398,128x,300ms,25,64,0,16,164,134,320,128,39,20,14,7,369
2026-09-16T20:50:51.294228+00:00,403,289113,128x,300ms,25,64,0,16,164,134,320,128,39,19,14,7,369
2026-09-16T20:50:52.014272+00:00,404,289827,128x,300ms,25,64,0,16,164,134,320,128,39,20,14,7,368
2026-09-16T20:50:52.733500+00:00,405,290542,128x,300ms,25,64,0,16,164,134,319,128,39,20,14,6,368
2026-09-16T20:50:53.445668+00:00,406,291257,128x,300ms,25,64,1,16,164,134,320,128,39,20,14,7,368
2026-09-16T20:50:54.165844+00:00,407,291972,128x,300ms,25,64,1,16,164,134,320,128,39,20,14,7,369
2026-09-16T20:50:54.885774+00:00,408,292685,128x,300ms,25,64,1,16,164,134,320,128,39,20,14,7,368
2026-09-16T20:50:55.605561+00:00,409,293399,128x,300ms,25,64,1,16,164,134,320,128,39,20,14,7,369
2026-09-16T20:50:56.325738+00:00,410,294113,128x,300ms,25,64,1,16,164,134,320,127,39,20,14,7,369
2026-09-16T20:50:57.045614+00:00,411,294828,128x,300ms,25,64,0,16,164,134,320,128,39,20,14,7,368
2026-09-16T20:50:57.765557+00:00,412,295542,128x,300ms,25,64,0,16,164,134,320,128,39,20,14,7,368
2026-09-16T20:50:58.478303+00:00,413,296257,128x,300ms,25,64,0,16,164,134,319,128,39,20,14,7,368
2026-09-16T20:50:59.197564+00:00,414,296972,128x,300ms,25,64,0,16,164,134,320,128,39,20,14,7,368
2026-09-16T20:50:59.917759+00:00,415,297687,128x,300ms,25,64,0,16,164,134,320,128,39,20,14,7,369
2026-09-16T20:51:00.638112+00:00,416,298401,128x,300ms,25,64,1,17,164,134,320,128,39,20,14,7,368
2026-09-16T20:51:01.357672+00:00,417,299116,128x,300ms,25,64,1,16,164,134,320,128,39,20,14,7,368
2026-09-16T20:51:02.077760+00:00,418,299830,128x,300ms,25,64,1,16,164,134,320,128,39,19,14,7,369
2026-09-16T20:51:02.790084+00:00,419,300544,128x,300ms,25,64,1,16,164,134,320,128,39,20,14,6,369
2026-09-16T20:51:03.509857+00:00,420,301257,128x,300ms,25,64,1,16,164,133,320,128,39,20,14,7,368
2026-09-16T20:51:04.229618+00:00,421,301972,128x,300ms,25,64,0,16,164,134,320,128,39,20,14,7,368
2026-09-16T20:51:04.949413+00:00,422,302687,128x,300ms,25,64,0,16,164,134,320,128,39,20,14,7,368
2026-09-16T20:51:05.669697+00:00,423,303401,128x,300ms,25,64,0,16,164,133,319,128,39,20,14,7,368
2026-09-16T20:51:06.389988+00:00,424,304116,128x,300ms,25,64,0,16,164,134,319,128,39,20,14,7,368
2026-09-16T20:51:07.110060+00:00,425,304831,128x,300ms,25,64,0,16,164,134,319,128,39,20,14,7,368
2026-09-16T20:51:07.821927+00:00,426,305546,128x,300ms,25,64,1,16,164,134,320,128,39,20,14,7,369
2026-09-16T20:51:08.541814+00:00,427,306259,128x,300ms,25,64,1,16,164,133,320,128,39,20,14,7,368
2026-09-16T20:51:09.261298+00:00,428,306974,128x,300ms,25,64,1,16,164,134,319,128,39,20,14,7,368
2026-09-16T20:51:09.981808+00:00,429,307688,128x,300ms,25,64,1,16,164,133,319,128,39,20,14,7,367
2026-09-16T20:51:10.701201+00:00,430,308402,128x,300ms,25,64,1,16,164,134,320,128,39,19,14,7,368
2026-09-16T20:51:11.422364+00:00,431,309115,128x,300ms,25,64,0,16,164,134,320,128,39,20,14,7,368
2026-09-16T20:51:12.142843+00:00,432,309830,128x,300ms,25,64,0,16,164,134,320,128,39,20,14,7,368
2026-09-16T20:51:12.861172+00:00,433,310545,128x,300ms,25,64,0,16,164,134,320,128,39,20,14,7,367
2026-09-16T20:51:13.577136+00:00,434,311261,128x,300ms,25,64,0,16,164,134,319,128,39,20,14,7,368
2026-09-16T20:51:14.293248+00:00,435,311974,128x,300ms,25,64,0,16,164,134,319,128,39,19,14,7,368
2026-09-16T20:51:15.013946+00:00,436,312689,128x,300ms,25,64,1,16,164,133,319,128,39,20,14,7,367
2026-09-16T20:51:15.733689+00:00,437,313404,128x,300ms,25,64,1,16,164,134,319,128,39,20,14,7,368
2026-09-16T20:51:16.453422+00:00,438,314118,128x,300ms,25,64,1,16,164,134,319,128,39,19,14,7,367
2026-09-16T20:51:17.165476+00:00,439,314831,128x,300ms,25,64,1,16,164,134,319,128,39,20,14,7,368
2026-09-16T20:51:17.885736+00:00,440,315545,128x,300ms,25,64,1,16,164,134,320,128,39,20,14,6,367
2026-09-16T20:51:18.604988+00:00,441,316259,128x,300ms,25,64,0,16,164,134,319,128,39,20,14,7,368
2026-09-16T20:51:19.325311+00:00,442,316974,128x,300ms,25,64,0,16,164,133,320,128,39,20,14,7,368
2026-09-16T20:51:20.045888+00:00,443,317689,128x,300ms,25,64,0,16,164,134,320,128,39,19,14,7,368
2026-09-16T20:51:20.765759+00:00,444,318403,128x,300ms,25,64,0,16,164,133,319,128,39,20,14,7,367
2026-09-16T20:51:21.477316+00:00,445,319118,128x,300ms,25,64,0,16,164,134,319,128,39,20,14,7,367
2026-09-16T20:51:22.197550+00:00,446,319834,128x,300ms,25,64,1,16,164,133,319,128,39,20,14,6,367
2026-09-16T20:51:22.917352+00:00,447,320547,128x,300ms,25,64,1,16,164,133,320,128,39,19,14,7,367
2026-09-16T20:51:23.637160+00:00,448,321261,128x,300ms,25,64,1,16,164,134,320,127,39,20,14,7,368
2026-09-16T20:51:24.357135+00:00,449,321975,128x,300ms,25,64,1,16,164,133,319,128,39,20,14,7,368
2026-09-16T20:51:25.077470+00:00,450,322689,128x,300ms,25,64,1,16,164,134,320,128,39,19,14,7,367
2026-09-16T20:51:25.796905+00:00,451,323402,128x,300ms,25,64,0,16,164,134,319,128,39,20,14,7,368
2026-09-16T20:51:26.508984+00:00,452,324117,128x,300ms,25,64,0,16,164,134,319,128,39,19,14,7,368
2026-09-16T20:51:27.229503+00:00,453,324832,128x,300ms,25,64,0,16,164,134,320,128,39,20,14,7,367
2026-09-16T20:51:27.948976+00:00,454,325547,128x,300ms,25,64,0,16,164,133,319,128,39,20,14,7,367
2026-09-16T20:51:28.668892+00:00,455,326261,128x,300ms,25,64,0,16,164,133,320,128,39,20,14,7,367
2026-09-16T20:51:29.388920+00:00,456,326976,128x,300ms,25,64,1,16,164,133,320,128,39,20,14,7,367
2026-09-16T20:51:30.109003+00:00,457,327690,128x,300ms,25,64,1,16,164,134,319,128,39,20,14,7,367
2026-09-16T20:51:30.820876+00:00,458,328404,128x,300ms,25,64,1,16,164,134,320,128,39,20,14,7,368
2026-09-16T20:51:31.540929+00:00,459,329118,128x,300ms,25,64,1,16,164,133,320,128,39,20,14,7,367
2026-09-16T20:51:32.260823+00:00,460,329832,128x,300ms,25,64,1,16,164,134,320,128,39,20,14,7,368
2026-09-16T20:51:32.981634+00:00,461,330546,128x,300ms,25,64,0,16,164,134,320,128,39,20,14,7,368
2026-09-16T20:51:33.701716+00:00,462,331261,128x,300ms,25,64,0,16,164,134,319,128,39,20,14,7,367
2026-09-16T20:51:34.420909+00:00,463,331976,128x,300ms,25,64,0,16,164,134,319,128,39,20,14,7,367
2026-09-16T20:51:35.140960+00:00,464,332691,128x,300ms,25,64,0,16,164,133,319,128,39,20,15,7,366
2026-09-16T20:51:35.853411+00:00,465,333405,128x,300ms,25,64,0,16,164,134,320,128,39,20,14,7,367
2026-09-16T20:51:36.573093+00:00,466,334120,128x,300ms,25,64,1,16,164,133,319,128,39,20,14,7,367
2026-09-16T20:51:37.293408+00:00,467,334834,128x,300ms,25,64,1,16,164,133,320,128,39,20,14,7,368
2026-09-16T20:51:38.012922+00:00,468,335548,128x,300ms,25,64,1,16,164,133,319,128,39,20,14,7,368
2026-09-16T20:51:38.732841+00:00,469,336262,128x,300ms,25,64,1,16,164,133,319,127,39,20,14,7,367
2026-09-16T20:51:39.453092+00:00,470,336976,128x,300ms,25,64,1,16,164,134,320,128,39,20,14,7,367
2026-09-16T20:51:40.165161+00:00,471,337690,128x,300ms,25,64,0,16,164,134,320,128,39,20,14,7,367
2026-09-16T20:51:40.884824+00:00,472,338405,128x,300ms,25,64,0,16,164,134,319,128,39,20,14,7,367
2026-09-16T20:51:41.605624+00:00,473,339120,128x,300ms,25,64,0,16,164,133,319,128,39,20,14,6,367
2026-09-16T20:51:42.325578+00:00,474,339834,128x,300ms,25,64,0,16,164,134,319,128,39,20,14,7,367
2026-09-16T20:51:43.045569+00:00,475,340549,128x,300ms,25,64,0,16,163,134,319,128,39,20,14,7,367
2026-09-16T20:51:43.765095+00:00,476,341264,128x,300ms,25,64,1,16,164,134,319,128,39,20,14,7,366
2026-09-16T20:51:44.476714+00:00,477,341978,128x,300ms,25,64,1,16,164,133,319,127,39,20,14,7,367
2026-09-16T20:51:45.196869+00:00,478,342691,128x,300ms,25,64,1,16,164,134,319,128,39,20,14,7,367
2026-09-16T20:51:45.916747+00:00,479,343405,128x,300ms,25,64,1,16,164,134,319,127,39,20,14,7,366
2026-09-16T20:51:46.636695+00:00,480,344120,128x,300ms,25,64,1,16,164,134,319,128,39,20,14,7,367
2026-09-16T20:51:47.356607+00:00,481,344834,128x,300ms,25,64,0,16,164,134,319,128,39,20,15,7,367
2026-09-16T20:51:48.077307+00:00,482,345548,128x,300ms,25,64,0,16,164,133,319,128,39,20,14,7,367
2026-09-16T20:51:48.796681+00:00,483,346263,128x,300ms,25,64,0,16,164,133,319,128,39,20,14,7,367
2026-09-16T20:51:49.509173+00:00,484,346978,128x,300ms,25,64,0,16,164,134,319,128,39,20,14,7,366
2026-09-16T20:51:50.228810+00:00,485,347693,128x,300ms,25,64,0,16,164,134,320,128,39,20,14,7,366
2026-09-16T20:51:50.950446+00:00,486,348407,128x,300ms,25,64,1,16,164,133,319,128,39,20,14,7,367
2026-09-16T20:51:51.668731+00:00,487,349121,128x,300ms,25,64,1,16,163,134,319,128,39,20,14,7,367
2026-09-16T20:51:52.388569+00:00,488,349835,128x,300ms,25,64,1,17,164,133,319,128,39,20,15,7,367
2026-09-16T20:51:53.100582+00:00,489,350548,128x,300ms,25,64,1,16,164,133,320,128,39,20,14,7,366
2026-09-16T20:51:53.820921+00:00,490,351262,128x,300ms,25,64,1,16,164,134,319,128,39,20,14,7,366
2026-09-16T20:51:54.540548+00:00,491,351977,128x,300ms,25,64,0,16,163,133,319,128,39,20,14,7,367
2026-09-16T20:51:55.260614+00:00,492,352692,128x,300ms,25,64,0,16,164,133,319,127,39,20,14,7,366
2026-09-16T20:51:55.981158+00:00,493,353405,128x,300ms,25,64,0,16,164,134,320,128,39,20,15,7,366
2026-09-16T20:51:56.701817+00:00,494,354121,128x,300ms,25,64,0,16,164,134,320,128,39,20,14,7,366
2026-09-16T20:51:57.421399+00:00,495,354836,128x,300ms,25,64,0,16,164,133,320,128,39,20,14,6,367
2026-09-16T20:51:58.132620+00:00,496,355551,128x,300ms,25,64,1,16,163,133,319,128,39,19,14,7,366
2026-09-16T20:51:58.853315+00:00,497,356264,128x,300ms,25,64,1,16,163,134,319,128,39,20,14,7,367
2026-09-16T20:51:59.573728+00:00,498,356978,128x,300ms,25,64,1,16,164,134,319,128,39,20,14,7,367
2026-09-16T20:52:00.292546+00:00,499,357692,128x,300ms,25,64,1,16,164,134,319,128,39,20,14,7,367
2026-09-16T20:52:01.012913+00:00,500,358406,128x,300ms,25,64,1,17,164,134,319,128,39,20,14,7,366
2026-09-16T20:52:01.732627+00:00,501,359120,128x,300ms,25,64,0,16,164,133,319,128,39,20,14,7,366
2026-09-16T20:52:02.452585+00:00,502,359835,128x,300ms,25,64,0,16,164,134,320,128,39,20,14,7,366
2026-09-16T20:52:03.166235+00:00,503,360550,128x,300ms,25,64,0,16,164,133,319,128,39,20,14,7,366
2026-09-16T20:52:03.885101+00:00,504,361265,128x,300ms,25,64,0,17,164,134,319,128,39,20,14,7,366
2026-09-16T20:52:04.604489+00:00,505,361978,128x,300ms,25,64,0,16,164,133,319,128,39,20,14,7,366
2026-09-16T20:52:05.324401+00:00,506,362695,128x,300ms,25,64,1,16,164,134,319,128,39,19,14,7,367
2026-09-16T20:52:06.045248+00:00,507,363409,128x,300ms,25,64,1,16,164,133,319,128,39,20,14,7,367
2026-09-16T20:52:06.765290+00:00,508,364123,128x,300ms,25,64,1,16,164,134,319,128,39,20,14,7,366
2026-09-16T20:52:07.476923+00:00,509,364836,128x,300ms,25,64,1,16,164,134,319,128,39,20,14,7,365
2026-09-16T20:52:08.197488+00:00,510,365551,128x,300ms,25,64,1,16,164,134,320,128,39,20,14,7,366
2026-09-16T20:52:08.916948+00:00,511,366265,128x,300ms,25,64,0,16,163,133,319,128,39,20,14,7,366
2026-09-16T20:52:09.637350+00:00,512,366980,128x,300ms,25,64,0,16,164,134,319,128,39,20,14,7,366
2026-09-16T20:52:10.357202+00:00,513,367694,128x,300ms,25,64,0,16,163,133,320,128,39,20,14,7,366
2026-09-16T20:52:11.077408+00:00,514,368409,128x,300ms,25,64,0,16,164,133,319,128,39,20,14,7,366
2026-09-16T20:52:11.796806+00:00,515,369124,128x,300ms,25,64,0,16,163,133,319,128,39,20,14,7,366
2026-09-16T20:52:12.509538+00:00,516,369839,128x,300ms,25,64,1,16,164,133,319,128,39,20,14,7,366
2026-09-16T20:52:13.228383+00:00,517,370552,128x,300ms,25,64,1,16,163,133,320,128,39,20,14,7,366
2026-09-16T20:52:13.948423+00:00,518,371267,128x,300ms,25,64,1,16,164,134,320,128,39,20,14,7,366
2026-09-16T20:52:14.668473+00:00,519,371981,128x,300ms,25,64,1,16,164,133,320,128,39,20,14,7,367
2026-09-16T20:52:15.388457+00:00,520,372697,128x,300ms,25,64,1,16,164,134,319,128,39,20,14,7,366
2026-09-16T20:52:16.108328+00:00,521,373410,128x,300ms,25,64,0,16,164,134,319,128,39,20,14,7,366
2026-09-16T20:52:16.828658+00:00,522,374125,128x,300ms,25,64,0,16,164,134,319,128,39,20,14,7,366
2026-09-16T20:52:17.548361+00:00,523,374840,128x,300ms,25,64,0,16,164,134,319,128,39,20,14,7,366
2026-09-16T20:52:18.260530+00:00,524,375554,128x,300ms,25,64,0,16,163,133,319,128,39,20,14,7,366
2026-09-16T20:52:18.980581+00:00,525,376269,128x,300ms,25,64,0,16,163,133,319,128,39,20,14,7,366
2026-09-16T20:52:19.702122+00:00,526,376984,128x,300ms,25,64,1,16,164,133,319,128,39,20,14,7,366
2026-09-16T20:52:20.421579+00:00,527,377698,128x,300ms,25,64,1,16,164,133,319,128,39,20,14,7,366
2026-09-16T20:52:21.141103+00:00,528,378412,128x,300ms,25,64,1,16,163,134,319,128,39,20,14,7,365
2026-09-16T20:52:21.852792+00:00,529,379125,128x,300ms,25,64,1,16,163,133,319,128,39,20,14,7,366
2026-09-16T20:52:22.572235+00:00,530,379840,128x,300ms,25,64,1,16,163,134,319,128,39,20,14,7,366
2026-09-16T20:52:23.292296+00:00,531,380554,128x,300ms,25,64,0,16,163,134,319,128,39,20,14,7,366
2026-09-16T20:52:24.012221+00:00,532,381268,128x,300ms,25,64,0,16,163,133,319,128,39,20,14,7,365
2026-09-16T20:52:24.733261+00:00,533,381983,128x,300ms,25,64,0,16,163,133,319,128,39,20,14,7,366
2026-09-16T20:52:25.452388+00:00,534,382698,128x,300ms,25,64,0,16,163,133,320,128,39,20,14,7,366
2026-09-16T20:52:26.172417+00:00,535,383413,128x,300ms,25,64,0,16,164,134,319,128,39,20,14,7,365
2026-09-16T20:52:26.884463+00:00,536,384128,128x,300ms,25,64,1,16,164,134,319,128,39,20,14,7,366
2026-09-16T20:52:27.604740+00:00,537,384841,128x,300ms,25,64,1,16,163,133,319,128,39,20,14,7,366
2026-09-16T20:52:28.324169+00:00,538,385556,128x,300ms,25,64,1,16,163,133,319,128,39,20,14,7,366
2026-09-16T20:52:29.044697+00:00,539,386270,128x,300ms,25,64,1,16,163,133,319,128,39,20,14,7,366
2026-09-16T20:52:29.764782+00:00,540,386983,128x,300ms,25,64,1,16,163,133,319,128,39,20,14,7,366
2026-09-16T20:52:30.484322+00:00,541,387697,128x,300ms,25,64,0,16,164,133,319,128,39,20,14,7,365
2026-09-16T20:52:31.204803+00:00,542,388412,128x,300ms,25,64,0,16,163,133,319,128,39,20,14,7,366
2026-09-16T20:52:31.916708+00:00,543,389127,128x,300ms,25,64,0,16,163,134,319,128,39,20,14,7,366
2026-09-16T20:52:32.636340+00:00,544,389841,128x,300ms,25,64,0,16,164,134,319,128,39,20,14,7,365
2026-09-16T20:52:33.356235+00:00,545,390556,128x,300ms,25,64,0,16,164,134,319,128,39,20,14,7,365
2026-09-16T20:52:34.076157+00:00,546,391271,128x,300ms,25,64,1,16,163,133,319,128,39,20,15,7,366
2026-09-16T20:52:34.796882+00:00,547,391986,128x,300ms,25,64,1,16,163,133,320,128,39,20,14,7,366
2026-09-16T20:52:35.508829+00:00,548,392699,128x,300ms,25,64,1,16,164,133,319,128,39,20,15,7,365
2026-09-16T20:52:36.228704+00:00,549,393413,128x,300ms,25,64,1,16,163,133,319,128,39,20,14,7,366
2026-09-16T20:52:36.949381+00:00,550,394127,128x,300ms,25,64,1,16,164,133,319,128,39,20,14,7,365
2026-09-16T20:52:37.668763+00:00,551,394841,128x,300ms,25,64,0,16,164,134,319,128,39,20,14,7,365
2026-09-16T20:52:38.388084+00:00,552,395556,128x,300ms,25,64,0,16,164,134,319,128,39,20,14,7,366
2026-09-16T20:52:39.107987+00:00,553,396270,128x,300ms,25,64,0,16,164,133,319,128,39,20,14,7,365
2026-09-16T20:52:39.828286+00:00,554,396985,128x,300ms,25,64,0,16,163,134,319,128,39,20,14,7,365
2026-09-16T20:52:40.540836+00:00,555,397700,128x,300ms,25,64,0,16,163,133,319,128,39,20,14,7,365
2026-09-16T20:52:41.259960+00:00,556,398414,128x,300ms,25,64,1,16,163,133,319,128,39,20,14,7,366
2026-09-16T20:52:41.980699+00:00,557,399128,128x,300ms,25,64,1,16,163,133,319,128,39,20,14,6,365
2026-09-16T20:52:42.699954+00:00,558,399843,128x,300ms,25,64,1,16,164,134,319,128,39,20,14,8,366
2026-09-16T20:52:43.420383+00:00,559,400557,128x,300ms,25,64,1,16,163,134,319,128,39,20,14,7,365
2026-09-16T20:52:44.140654+00:00,560,401270,128x,300ms,25,64,1,16,164,134,319,128,39,20,14,7,365
2026-09-16T20:52:44.860176+00:00,561,401985,128x,300ms,25,64,0,16,163,134,319,128,39,20,14,7,365
2026-09-16T20:52:45.580855+00:00,562,402700,128x,300ms,25,64,0,16,163,133,319,128,39,20,14,7,365
2026-09-16T20:52:46.292608+00:00,563,403415,128x,300ms,25,64,0,16,163,133,319,128,39,20,14,6,366
2026-09-16T20:52:47.012946+00:00,564,404129,128x,300ms,25,64,0,16,163,133,319,128,40,20,14,6,365
2026-09-16T20:52:47.731800+00:00,565,404844,128x,300ms,25,64,0,16,163,133,319,128,39,20,14,7,365
2026-09-16T20:52:48.451884+00:00,566,405558,128x,300ms,25,64,1,16,164,133,319,128,39,20,14,7,365
2026-09-16T20:52:49.172451+00:00,567,406273,128x,300ms,25,64,1,16,163,134,320,128,39,20,14,7,365
2026-09-16T20:52:49.884617+00:00,568,406986,128x,300ms,25,64,1,16,164,133,319,128,39,20,14,7,366
2026-09-16T20:52:50.604555+00:00,569,407701,128x,300ms,25,64,1,16,163,133,319,128,39,20,14,7,365
2026-09-16T20:52:51.323961+00:00,570,408415,128x,300ms,25,64,1,16,163,133,319,128,40,20,14,7,365
2026-09-16T20:52:52.044916+00:00,571,409129,128x,300ms,25,64,0,16,164,133,319,128,39,20,14,7,365
2026-09-16T20:52:52.764005+00:00,572,409843,128x,300ms,25,64,0,16,163,133,319,128,40,20,14,7,365
2026-09-16T20:52:53.483985+00:00,573,410558,128x,300ms,25,64,0,16,163,133,319,128,39,20,14,7,365
2026-09-16T20:52:54.204486+00:00,574,411273,128x,300ms,25,64,0,16,164,133,319,128,39,20,14,7,365
2026-09-16T20:52:54.916499+00:00,575,411987,128x,300ms,25,64,0,16,163,133,319,128,39,20,14,7,365
2026-09-16T20:52:55.635869+00:00,576,412702,128x,300ms,25,64,1,16,164,133,319,128,39,20,14,7,365
2026-09-16T20:52:56.356076+00:00,577,413417,128x,300ms,25,64,1,16,163,133,319,128,39,20,14,7,364
2026-09-16T20:52:57.075730+00:00,578,414131,128x,300ms,25,64,1,16,163,133,319,128,39,20,14,7,364
2026-09-16T20:52:57.796026+00:00,579,414844,128x,300ms,25,64,1,16,163,133,319,128,39,20,14,7,365
2026-09-16T20:52:58.516128+00:00,580,415558,128x,300ms,25,64,1,16,163,133,319,128,39,20,14,7,365
2026-09-16T20:52:59.235684+00:00,581,416272,128x,300ms,25,64,0,16,163,134,319,128,39,20,14,7,365
2026-09-16T20:52:59.947725+00:00,582,416988,128x,300ms,25,64,0,16,163,133,319,128,39,20,14,6,365
2026-09-16T20:53:00.667637+00:00,583,417702,128x,300ms,25,64,0,16,163,133,319,128,39,20,14,6,364
2026-09-16T20:53:01.389264+00:00,584,418417,128x,300ms,25,64,0,16,164,134,319,128,39,20,14,7,365
2026-09-16T20:53:02.107926+00:00,585,419131,128x,300ms,25,64,0,16,164,133,319,128,39,20,14,7,365
2026-09-16T20:53:02.827943+00:00,586,419846,128x,300ms,25,64,1,16,163,134,319,128,39,20,14,7,364
2026-09-16T20:53:03.541282+00:00,587,420560,128x,300ms,25,64,1,16,163,134,319,128,39,20,14,7,365
2026-09-16T20:53:04.260700+00:00,588,421274,128x,300ms,25,64,1,16,163,134,319,128,39,20,14,7,365
2026-09-16T20:53:04.979678+00:00,589,421988,128x,300ms,25,64,1,16,163,133,319,128,39,20,14,7,365
2026-09-16T20:53:05.699896+00:00,590,422703,128x,300ms,25,64,1,16,163,133,319,128,39,20,14,6,365
2026-09-16T20:53:06.419806+00:00,591,423416,128x,300ms,25,64,0,16,163,133,319,128,39,20,14,7,365
2026-09-16T20:53:07.139778+00:00,592,424131,128x,300ms,25,64,0,16,164,133,319,128,39,20,14,7,365
2026-09-16T20:53:07.859606+00:00,593,424846,128x,300ms,25,64,0,16,163,133,319,128,39,20,15,7,365
2026-09-16T20:53:08.579897+00:00,594,425561,128x,300ms,25,64,0,16,163,133,319,128,39,20,14,7,364
2026-09-16T20:53:09.292222+00:00,595,426275,128x,300ms,25,64,0,16,163,133,319,128,39,20,14,7,365
2026-09-16T20:53:10.012375+00:00,596,426990,128x,300ms,25,64,1,16,163,133,319,128,39,20,14,7,364
2026-09-16T20:53:10.731611+00:00,597,427704,128x,300ms,25,64,1,16,163,133,319,128,39,20,14,7,365
2026-09-16T20:53:11.452583+00:00,598,428419,128x,300ms,25,64,1,16,163,133,319,128,39,20,14,7,364
2026-09-16T20:53:12.172199+00:00,599,429132,128x,300ms,25,64,1,16,163,133,319,128,39,20,14,7,365
2026-09-16T20:53:12.891519+00:00,600,429846,128x,300ms,25,64,1,16,163,133,319,128,39,20,14,7,365
2026-09-16T20:53:13.604000+00:00,601,430560,128x,300ms,25,64,0,16,163,133,319,128,39,20,14,7,364
2026-09-16T20:53:14.323778+00:00,602,431275,128x,300ms,25,64,0,16,163,134,319,128,39,20,14,7,364
2026-09-16T20:53:15.043427+00:00,603,431989,128x,300ms,25,64,0,16,163,133,319,128,39,20,14,7,364
2026-09-16T20:53:15.765001+00:00,604,432704,128x,300ms,25,64,0,16,163,134,319,128,39,20,14,7,365
2026-09-16T20:53:16.483414+00:00,605,433419,128x,300ms,25,64,0,16,163,133,319,128,39,20,14,7,364
2026-09-16T20:53:17.203975+00:00,606,434134,128x,300ms,25,64,1,16,163,134,319,128,39,20,14,7,364
2026-09-16T20:53:17.915675+00:00,607,434847,128x,300ms,25,64,1,16,163,133,319,128,39,20,14,7,365
2026-09-16T20:53:18.635580+00:00,608,435562,128x,300ms,25,64,1,16,163,133,319,128,39,20,14,7,364
2026-09-16T20:53:19.355804+00:00,609,436276,128x,300ms,25,64,1,16,163,133,319,128,39,20,15,7,365
2026-09-16T20:53:20.075603+00:00,610,436989,128x,300ms,25,64,1,16,163,133,319,128,39,20,15,6,365
2026-09-16T20:53:20.796044+00:00,611,437704,128x,300ms,25,64,0,16,163,133,319,128,39,20,14,7,364
2026-09-16T20:53:21.515782+00:00,612,438419,128x,300ms,25,64,0,16,164,134,319,128,39,20,14,7,365
2026-09-16T20:53:22.235634+00:00,613,439134,128x,300ms,25,64,0,16,163,133,319,128,39,20,14,7,365
2026-09-16T20:53:22.947898+00:00,614,439848,128x,300ms,25,64,0,16,163,133,319,128,39,20,14,7,365
2026-09-16T20:53:23.667392+00:00,615,440563,128x,300ms,25,64,0,16,163,133,319,128,40,20,14,7,364
2026-09-16T20:53:24.387458+00:00,616,441277,128x,300ms,25,64,1,16,163,133,319,128,39,20,14,7,365
2026-09-16T20:53:25.107326+00:00,617,441992,128x,300ms,25,64,1,16,164,133,319,128,39,20,14,7,364
2026-09-16T20:53:25.827281+00:00,618,442705,128x,300ms,25,64,1,16,164,134,319,128,40,20,14,7,364
2026-09-16T20:53:26.547907+00:00,619,443419,128x,300ms,25,64,1,16,163,133,319,128,39,20,14,7,364
2026-09-16T20:53:27.259732+00:00,620,444134,128x,300ms,25,64,1,16,163,133,319,128,39,20,15,7,364
2026-09-16T20:53:27.980054+00:00,621,444848,128x,300ms,25,64,0,16,163,133,319,128,40,20,14,7,364
2026-09-16T20:53:28.699933+00:00,622,445562,128x,300ms,25,64,0,16,163,133,319,128,40,20,14,7,365
2026-09-16T20:53:29.419541+00:00,623,446277,128x,300ms,25,64,0,16,163,133,319,128,39,20,14,7,364
2026-09-16T20:53:30.139565+00:00,624,446992,128x,300ms,25,64,0,16,163,133,319,128,39,20,15,7,364
2026-09-16T20:53:30.859354+00:00,625,447707,128x,300ms,25,64,0,16,163,133,319,128,39,20,15,7,364
2026-09-16T20:53:31.572034+00:00,626,448421,128x,300ms,25,64,1,16,163,133,319,128,40,20,14,7,364
2026-09-16T20:53:32.291127+00:00,627,449135,128x,300ms,25,64,1,16,163,134,320,128,39,20,14,7,364
2026-09-16T20:53:33.011677+00:00,628,449849,128x,300ms,25,64,1,16,163,133,319,128,39,20,14,7,364
2026-09-16T20:53:33.732103+00:00,629,450563,128x,300ms,25,64,1,16,163,133,319,128,39,20,14,7,364
2026-09-16T20:53:34.451343+00:00,630,451277,128x,300ms,25,64,1,16,163,133,319,128,39,20,14,7,364
2026-09-16T20:53:35.171893+00:00,631,451991,128x,300ms,25,64,0,16,163,133,319,128,39,20,15,7,364
2026-09-16T20:53:35.891212+00:00,632,452706,128x,300ms,25,64,0,16,163,133,319,128,40,20,14,7,364
2026-09-16T20:53:36.611225+00:00,633,453421,128x,300ms,25,64,0,16,163,133,319,128,39,20,14,7,365
2026-09-16T20:53:37.324069+00:00,634,454135,128x,300ms,25,64,0,16,163,133,319,128,39,20,14,7,364
2026-09-16T20:53:38.043726+00:00,635,454850,128x,300ms,25,64,0,16,163,133,319,128,39,20,14,7,364
2026-09-16T20:53:38.763423+00:00,636,455565,128x,300ms,25,64,1,16,163,133,319,128,39,20,14,7,364
2026-09-16T20:53:39.483841+00:00,637,456279,128x,300ms,25,64,1,16,164,133,319,128,39,20,14,7,364
2026-09-16T20:53:40.203687+00:00,638,456992,128x,300ms,25,64,1,16,163,134,319,128,39,20,14,7,364
2026-09-16T20:53:40.915362+00:00,639,457707,128x,300ms,25,64,1,16,163,133,319,128,39,20,14,7,364
2026-09-16T20:53:41.635495+00:00,640,458421,128x,300ms,25,64,1,16,163,133,319,128,40,20,14,7,364
2026-09-16T20:53:42.355604+00:00,641,459134,128x,300ms,25,64,0,16,163,133,319,128,39,20,14,7,364
2026-09-16T20:53:43.075079+00:00,642,459849,128x,300ms,25,64,0,16,163,133,319,128,39,20,14,7,364
2026-09-16T20:53:43.795823+00:00,643,460564,128x,300ms,25,64,0,16,163,133,319,128,39,20,14,7,364
2026-09-16T20:53:44.516217+00:00,644,461279,128x,300ms,25,64,0,16,163,133,319,128,39,20,14,7,364
2026-09-16T20:53:45.235564+00:00,645,461993,128x,300ms,25,64,0,16,163,134,320,128,39,20,14,7,364
2026-09-16T20:53:45.947369+00:00,646,462708,128x,300ms,25,64,1,16,163,133,319,128,39,20,14,7,364
2026-09-16T20:53:46.667536+00:00,647,463423,128x,300ms,25,64,1,16,164,133,319,128,39,20,14,6,364
2026-09-16T20:53:47.387118+00:00,648,464137,128x,300ms,25,64,1,16,163,133,319,128,39,20,14,7,364
2026-09-16T20:53:48.107008+00:00,649,464850,128x,300ms,25,64,1,16,163,133,319,128,39,20,14,7,364
2026-09-16T20:53:48.827106+00:00,650,465564,128x,300ms,25,64,1,16,163,133,319,128,39,20,14,7,364
2026-09-16T20:53:49.547297+00:00,651,466278,128x,300ms,25,64,0,16,163,133,319,128,39,20,15,7,363
2026-09-16T20:53:50.267196+00:00,652,466994,128x,300ms,25,64,0,16,163,133,319,128,39,20,14,7,364
2026-09-16T20:53:50.979137+00:00,653,467708,128x,300ms,25,64,0,16,163,133,319,128,39,20,14,7,364
2026-09-16T20:53:51.699544+00:00,654,468422,128x,300ms,25,64,0,16,163,133,319,128,39,20,14,7,364
2026-09-16T20:53:52.419375+00:00,655,469137,128x,300ms,25,64,0,16,163,133,319,128,39,20,14,6,364
2026-09-16T20:53:53.139403+00:00,656,469852,128x,300ms,25,64,1,16,163,134,319,128,39,20,14,7,364
2026-09-16T20:53:53.858916+00:00,657,470565,128x,300ms,25,64,1,16,163,133,319,128,40,20,14,7,364
2026-09-16T20:53:54.571006+00:00,658,471280,128x,300ms,25,64,1,16,163,133,319,128,40,20,14,7,363
2026-09-16T20:53:55.291192+00:00,659,471994,128x,300ms,25,64,1,16,163,133,319,128,39,20,14,7,364
2026-09-16T20:53:56.011821+00:00,660,472708,128x,300ms,25,64,1,16,163,133,319,128,39,20,14,7,364
2026-09-16T20:53:56.731250+00:00,661,473422,128x,300ms,25,64,0,16,163,133,319,128,39,20,14,7,364
2026-09-16T20:53:57.451667+00:00,662,474137,128x,300ms,25,64,0,16,163,133,319,128,39,20,14,7,363
2026-09-16T20:53:58.171407+00:00,663,474852,128x,300ms,25,64,0,16,164,133,319,128,39,20,14,7,364
2026-09-16T20:53:58.891004+00:00,664,475566,128x,300ms,25,64,0,16,163,133,319,128,39,20,15,7,364
2026-09-16T20:53:59.602902+00:00,665,476281,128x,300ms,25,64,0,16,163,133,319,128,39,20,15,7,364
2026-09-16T20:54:00.322897+00:00,666,476996,128x,300ms,25,64,1,16,163,133,319,128,39,20,14,7,364
2026-09-16T20:54:01.043258+00:00,667,477710,128x,300ms,25,64,1,16,163,133,319,128,39,20,14,6,364
2026-09-16T20:54:01.763362+00:00,668,478424,128x,300ms,25,64,1,16,163,133,319,129,39,20,14,7,364
2026-09-16T20:54:02.483160+00:00,669,479138,128x,300ms,25,64,1,16,163,133,319,128,39,20,14,7,364
2026-09-16T20:54:03.202738+00:00,670,479852,128x,300ms,25,64,1,16,164,133,319,128,39,20,14,7,364
2026-09-16T20:54:03.923029+00:00,671,480566,128x,300ms,25,64,0,16,163,133,319,128,39,20,14,7,364
2026-09-16T20:54:04.635075+00:00,672,481281,128x,300ms,25,64,0,16,163,133,319,128,39,20,14,7,363
2026-09-16T20:54:05.355299+00:00,673,481995,128x,300ms,25,64,0,16,163,134,319,128,39,20,14,7,364
2026-09-16T20:54:06.075142+00:00,674,482710,128x,300ms,25,64,0,16,163,133,319,128,39,20,14,7,363
2026-09-16T20:54:06.796032+00:00,675,483425,128x,300ms,25,64,0,16,164,133,319,128,40,20,15,7,364
2026-09-16T20:54:07.509062+00:00,676,484140,128x,300ms,25,64,1,16,163,133,319,128,39,20,14,7,364
2026-09-16T20:54:08.235846+00:00,677,484853,128x,300ms,25,64,1,16,163,133,319,128,39,20,15,7,364
2026-09-16T20:54:08.947154+00:00,678,485567,128x,300ms,25,64,1,16,163,133,319,128,39,20,14,7,364
2026-09-16T20:54:09.666815+00:00,679,486282,128x,300ms,25,64,1,16,163,133,319,128,39,20,14,7,363
2026-09-16T20:54:10.386849+00:00,680,486995,128x,300ms,25,64,1,16,163,133,319,128,39,20,14,7,364
2026-09-16T20:54:11.107067+00:00,681,487710,128x,300ms,25,64,0,16,163,134,319,128,39,20,14,7,363
2026-09-16T20:54:11.827886+00:00,682,488424,128x,300ms,25,64,0,16,163,133,319,128,40,20,14,7,364
2026-09-16T20:54:12.547324+00:00,683,489141,128x,300ms,25,64,0,16,163,133,319,128,39,20,14,7,364
2026-09-16T20:54:13.267391+00:00,684,489856,128x,300ms,25,64,0,16,163,133,319,128,39,20,14,7,364
2026-09-16T20:54:13.986948+00:00,685,490570,128x,300ms,25,64,0,16,163,133,319,128,39,20,14,7,363
2026-09-16T20:54:14.698930+00:00,686,491285,128x,300ms,25,64,1,16,163,133,319,128,40,20,14,7,364
2026-09-16T20:54:15.418800+00:00,687,491999,128x,300ms,25,64,1,16,163,133,319,128,39,20,14,7,363
2026-09-16T20:54:16.138979+00:00,688,492712,128x,300ms,25,64,1,16,163,133,319,128,40,20,14,7,364
2026-09-16T20:54:16.858886+00:00,689,493427,128x,300ms,25,64,1,16,163,133,319,128,39,20,14,7,364
2026-09-16T20:54:17.578935+00:00,690,494141,128x,300ms,25,64,1,16,163,133,319,128,39,20,14,7,364
2026-09-16T20:54:18.298944+00:00,691,494855,128x,300ms,25,64,0,16,163,133,319,128,39,20,14,7,364
2026-09-16T20:54:19.018675+00:00,692,495569,128x,300ms,25,64,0,16,163,133,319,128,39,20,14,7,363
2026-09-16T20:54:19.731383+00:00,693,496284,128x,300ms,25,64,0,16,163,133,319,128,39,20,14,7,363
2026-09-16T20:54:20.450494+00:00,694,496999,128x,300ms,25,64,0,16,163,133,319,128,39,20,14,7,363
2026-09-16T20:54:21.171266+00:00,695,497714,128x,300ms,25,64,0,16,163,133,319,128,39,20,14,7,364
2026-09-16T20:54:21.890777+00:00,696,498428,128x,300ms,25,64,1,16,163,133,319,128,39,20,15,7,363
2026-09-16T20:54:22.603340+00:00,697,499142,128x,300ms,25,64,1,16,163,133,319,128,39,20,14,7,363
2026-09-16T20:54:23.323259+00:00,698,499856,128x,300ms,25,64,1,16,163,133,319,128,39,20,14,7,363
2026-09-16T20:54:24.042721+00:00,699,500571,128x,300ms,25,64,1,16,163,133,319,128,39,20,14,7,363
2026-09-16T20:54:24.763373+00:00,700,501284,128x,300ms,25,64,1,16,163,133,319,128,39,20,14,7,363
2026-09-16T20:54:25.483319+00:00,701,501998,128x,300ms,25,64,0,16,163,133,319,128,39,20,14,7,363
2026-09-16T20:54:26.202888+00:00,702,502713,128x,300ms,25,64,0,16,163,133,319,128,39,20,15,7,364
2026-09-16T20:54:26.923018+00:00,703,503428,128x,300ms,25,64,0,16,163,133,319,128,40,20,14,7,363
2026-09-16T20:54:27.642831+00:00,704,504142,128x,300ms,25,64,0,16,163,133,319,128,39,20,14,7,363
2026-09-16T20:54:28.354667+00:00,705,504857,128x,300ms,25,64,0,16,163,133,319,128,39,20,14,7,363
2026-09-16T20:54:29.074699+00:00,706,505572,128x,300ms,25,64,1,16,163,133,319,128,39,20,14,7,363
2026-09-16T20:54:29.794491+00:00,707,506287,128x,300ms,25,64,1,16,163,133,319,128,40,20,14,7,363
2026-09-16T20:54:30.515167+00:00,708,507001,128x,300ms,25,64,1,16,163,133,319,128,39,20,14,7,363
2026-09-16T20:54:31.235097+00:00,709,507715,128x,300ms,25,64,1,16,163,133,319,128,39,20,14,7,364
2026-09-16T20:54:31.955111+00:00,710,508430,128x,300ms,25,64,1,16,163,133,319,128,39,20,14,7,363
2026-09-16T20:54:32.674599+00:00,711,509144,128x,300ms,25,64,0,16,163,133,319,128,39,20,14,7,363
2026-09-16T20:54:33.394321+00:00,712,509858,128x,300ms,25,64,0,16,163,133,319,128,39,20,14,7,363
2026-09-16T20:54:34.106528+00:00,713,510573,128x,300ms,25,64,0,16,163,133,319,128,39,20,14,7,364
2026-09-16T20:54:34.826406+00:00,714,511288,128x,300ms,25,64,0,16,163,133,319,128,39,20,14,7,363
2026-09-16T20:54:35.547903+00:00,715,512003,128x,300ms,25,64,0,16,163,133,319,128,39,20,14,7,363
2026-09-16T20:54:36.266835+00:00,716,512717,128x,300ms,25,64,1,16,163,133,319,128,39,20,14,7,363
2026-09-16T20:54:36.986771+00:00,717,513431,128x,300ms,25,64,1,16,163,133,319,128,40,20,14,6,364
2026-09-16T20:54:37.698695+00:00,718,514145,128x,300ms,25,64,1,16,163,133,319,128,39,20,14,7,363
2026-09-16T20:54:38.418367+00:00,719,514860,128x,300ms,25,64,1,16,163,133,319,128,40,20,14,7,363
2026-09-16T20:54:39.138357+00:00,720,515573,128x,300ms,25,64,1,16,163,133,319,128,39,20,14,7,363
2026-09-16T20:54:39.859580+00:00,721,516287,128x,300ms,25,64,0,16,163,133,319,128,39,20,14,7,363
2026-09-16T20:54:40.578398+00:00,722,517002,128x,300ms,25,64,0,16,163,133,319,128,39,20,14,6,362
2026-09-16T20:54:41.298562+00:00,723,517716,128x,300ms,25,64,0,16,163,133,319,128,39,20,14,7,363
2026-09-16T20:54:42.018181+00:00,724,518431,128x,300ms,25,64,0,16,163,133,319,127,39,19,14,7,362
2026-09-16T20:54:42.730539+00:00,725,519146,128x,300ms,25,64,0,16,163,133,319,127,39,19,14,6,361
2026-09-16T20:54:43.450267+00:00,726,519860,128x,300ms,25,64,1,16,163,133,319,127,39,19,14,7,362
2026-09-16T20:54:44.170825+00:00,727,520574,128x,300ms,25,64,1,16,163,133,319,127,39,20,14,7,362
2026-09-16T20:54:44.890651+00:00,728,521288,128x,300ms,25,64,1,16,163,133,319,128,39,20,14,7,363
2026-09-16T20:54:45.610870+00:00,729,522002,128x,300ms,25,64,1,16,163,133,319,128,39,19,14,6,362
2026-09-16T20:54:46.330483+00:00,730,522716,128x,300ms,25,64,1,16,163,133,319,127,39,20,14,7,362
2026-09-16T20:54:47.043075+00:00,731,523430,128x,300ms,25,64,0,16,162,132,319,127,38,19,14,7,361
2026-09-16T20:54:47.763044+00:00,732,524145,128x,300ms,25,64,0,16,162,132,318,126,38,19,14,7,360
2026-09-16T20:54:48.482443+00:00,733,524860,128x,300ms,25,64,0,16,162,132,318,114,34,16,12,5,320
2026-09-16T20:54:49.194472+00:00,734,525575,128x,300ms,25,64,0,15,135,109,296,117,34,16,11,7,424
2026-09-16T20:54:49.914378+00:00,735,526289,128x,300ms,25,64,0,4,39,33,95,6,0,0,0,0,16
2026-09-16T20:54:50.626169+00:00,736,527001,128x,300ms,25,64,1,0,1,2,13,10,1,0,0,0,29
2026-09-16T20:54:51.346184+00:00,737,527713,128x,300ms,25,64,1,0,4,4,19,11,2,0,0,0,35
2026-09-16T20:54:52.066582+00:00,738,528424,128x,300ms,25,64,1,0,6,5,22,5,0,0,0,0,13
2026-09-16T20:54:52.778257+00:00,739,529135,128x,300ms,25,64,1,0,6,6,27,36,9,4,3,0,105
2026-09-16T20:54:53.498812+00:00,740,529847,128x,300ms,25,64,1,13,115,96,268,104,30,14,10,5,307
2026-09-16T20:54:54.218772+00:00,741,530562,128x,300ms,25,64,0,13,116,94,262,115,34,16,11,6,340
2026-09-16T20:54:54.939346+00:00,742,531275,128x,300ms,25,64,0,15,132,107,294,116,34,16,11,6,342
